{
"type": "FeatureCollection",
"name": "wilayah_kota_tegal",
"crs": { "type": "name", "properties": { "name": "urn:ogc:def:crs:OGC:1.3:CRS84" } },
"features": [
{ "type": "Feature", "properties": { "OBJECTID": 3359.0, "NAMOBJ": "Tegal Barat", "METADATA": "TASWIL1000020260612KECAMATAN_AR", "KDBBPS": null, "KDCPUM": "33.76.01", "KDPKAB": "33.76", "KDPPUM": "33", "LUASWH": 12.876478234639162, "TIPADM": 3.0, "WADMKC": "Tegal Barat", "WADMKK": "Kota Tegal", "WADMPR": "Jawa Tengah" }, "geometry": { "type": "Polygon", "coordinates": [ [ [ 109.103556324000067, -6.839918998999963, 0.0 ], [ 109.103581070000075, -6.839922805999947, 0.0 ], [ 109.103599154000051, -6.83992090199996, 0.0 ], [ 109.10361533400004, -6.839917094999976, 0.0 ], [ 109.103628659000037, -6.839919949999967, 0.0 ], [ 109.103642936000085, -6.839930419999973, 0.0 ], [ 109.103651502000048, -6.839952310999934, 0.0 ], [ 109.103661972000054, -6.839976105999938, 0.0 ], [ 109.103675297000052, -6.84000180399994, 0.0 ], [ 109.103703850000045, -6.840035115999967, 0.0 ], [ 109.103732404000084, -6.840057006999928, 0.0 ], [ 109.10376190900007, -6.840080801999932, 0.0 ], [ 109.103781897000033, -6.840094126999929, 0.0 ], [ 109.103807595000035, -6.840110306999975, 0.0 ], [ 109.103838052000071, -6.840127438999957, 0.0 ], [ 109.103877075000071, -6.840146474999926, 0.0 ], [ 109.103903725000066, -6.84015884799993, 0.0 ], [ 109.103931327000055, -6.840166462999946, 0.0 ], [ 109.10395512100007, -6.840171220999935, 0.0 ], [ 109.10397796400008, -6.840169317999937, 0.0 ], [ 109.103993193000065, -6.840156944999933, 0.0 ], [ 109.104009373000054, -6.840140763999955, 0.0 ], [ 109.104075046000048, -6.840060813999969, 0.0 ], [ 109.104090275000033, -6.84004463399998, 0.0 ], [ 109.104109310000069, -6.840030356999932, 0.0 ], [ 109.104122853000035, -6.840020199999969, 0.0 ], [ 109.10413215300008, -6.84001322499995, 0.0 ], [ 109.104146430000071, -6.84001322499995, 0.0 ], [ 109.10415404400004, -6.840018935999979, 0.0 ], [ 109.104155948000084, -6.84002464699995, 0.0 ], [ 109.104154996000034, -6.840039874999945, 0.0 ], [ 109.104140273000041, -6.840053006999938, 0.0 ], [ 109.104119780000076, -6.840071283999976, 0.0 ], [ 109.104064577000088, -6.840130294999938, 0.0 ], [ 109.104046493000055, -6.840160751999974, 0.0 ], [ 109.104040782000084, -6.84017598, 0.0 ], [ 109.104039830000033, -6.840201678999961, 0.0 ], [ 109.104053155000088, -6.840223569999978, 0.0 ], [ 109.104092178000087, -6.840274965999981, 0.0 ], [ 109.10411216600005, -6.840293049999957, 0.0 ], [ 109.104136912000058, -6.840315892999968, 0.0 ], [ 109.104156900000078, -6.840331120999963, 0.0 ], [ 109.104178791000038, -6.840341590999969, 0.0 ], [ 109.10420448900004, -6.840357770999958, 0.0 ], [ 109.104225428000063, -6.840367288999971, 0.0 ], [ 109.104245416000083, -6.840375854999934, 0.0 ], [ 109.104271114000085, -6.840381565999962, 0.0 ], [ 109.104303474000062, -6.840387276999934, 0.0 ], [ 109.104325365000079, -6.840393938999966, 0.0 ], [ 109.104342498000051, -6.840396793999957, 0.0 ], [ 109.104354871000055, -6.840396793999957, 0.0 ], [ 109.104369148000046, -6.840392034999979, 0.0 ], [ 109.104375519000087, -6.840383025999927, 0.0 ], [ 109.104394846000048, -6.84036348199993, 0.0 ], [ 109.104414833000078, -6.840342542999963, 0.0 ], [ 109.104482235000035, -6.840267708999932, 0.0 ], [ 109.104491726000049, -6.840257584999961, 0.0 ], [ 109.104500081000083, -6.840248672999962, 0.0 ], [ 109.104511979000051, -6.84024986299994, 0.0 ], [ 109.104517927000074, -6.840255810999963, 0.0 ], [ 109.104522686000053, -6.840264138999942, 0.0 ], [ 109.104523876000087, -6.840274846999932, 0.0 ], [ 109.104511263000063, -6.84029841399996, 0.0 ], [ 109.104431077000072, -6.840379542999926, 0.0 ], [ 109.10442869700006, -6.8403926299999, 0.0 ], [ 109.104427508000072, -6.84040333799993, 0.0 ], [ 109.104431077000072, -6.840411665999966, 0.0 ], [ 109.104444559000058, -6.840428413999973, 0.0 ], [ 109.104465579000077, -6.840459254999928, 0.0 ], [ 109.104478666000034, -6.840475910999942, 0.0 ], [ 109.104486994000069, -6.840487808999967, 0.0 ], [ 109.104520307000087, -6.840524689999938, 0.0 ], [ 109.104545291000079, -6.84054253599993, 0.0 ], [ 109.104563137000071, -6.840554433999955, 0.0 ], [ 109.104589311000041, -6.840568709999957, 0.0 ], [ 109.104608347000067, -6.840580607999925, 0.0 ], [ 109.104620244000046, -6.840592504999961, 0.0 ], [ 109.104635711000071, -6.840605591999974, 0.0 ], [ 109.104653557000063, -6.840615109999931, 0.0 ], [ 109.104669023000042, -6.840623437999966, 0.0 ], [ 109.104685679000056, -6.840635334999945, 0.0 ], [ 109.104701146000082, -6.840646042999936, 0.0 ], [ 109.104718992000073, -6.840660319999927, 0.0 ], [ 109.104733269000064, -6.840672216999963, 0.0 ], [ 109.104745166000043, -6.840680544999941, 0.0 ], [ 109.104761822000057, -6.840687682999942, 0.0 ], [ 109.104780858000083, -6.840691252999932, 0.0 ], [ 109.10479394500004, -6.840690062999954, 0.0 ], [ 109.104809411000076, -6.840686493999954, 0.0 ], [ 109.104821309000044, -6.840680544999941, 0.0 ], [ 109.10483320600008, -6.840663888999927, 0.0 ], [ 109.10484867200006, -6.840642473999935, 0.0 ], [ 109.104862949000051, -6.840621058999943, 0.0 ], [ 109.104884364000043, -6.840593694999939, 0.0 ], [ 109.104889464000053, -6.840587667999955, 0.0 ], [ 109.104903730000046, -6.840577878999966, 0.0 ], [ 109.104918866000048, -6.840577038999925, 0.0 ], [ 109.104923625000083, -6.840580607999925, 0.0 ], [ 109.104933861000063, -6.840589315999978, 0.0 ], [ 109.104934237000066, -6.840599869999949, 0.0 ], [ 109.104922436000038, -6.840624627999944, 0.0 ], [ 109.104896262000068, -6.840659129999949, 0.0 ], [ 109.104875406000076, -6.84069193199997, 0.0 ], [ 109.104871629000058, -6.840698768999971, 0.0 ], [ 109.104857859000049, -6.840723691999926, 0.0 ], [ 109.104859447000081, -6.840731312999935, 0.0 ], [ 109.104864139000085, -6.840748359999964, 0.0 ], [ 109.104877226000042, -6.840765015999978, 0.0 ], [ 109.104918866000048, -6.840804276999961, 0.0 ], [ 109.104937902000074, -6.840818553999952, 0.0 ], [ 109.104954558000088, -6.840834019999932, 0.0 ], [ 109.104966456000056, -6.840841158999979, 0.0 ], [ 109.104992630000083, -6.840857814999936, 0.0 ], [ 109.105008096000063, -6.840863763999948, 0.0 ], [ 109.105023563000088, -6.840867332999949, 0.0 ], [ 109.105029922000085, -6.840869876999932, 0.0 ], [ 109.105061634000037, -6.840888747999941, 0.0 ], [ 109.105074721000051, -6.840905403999955, 0.0 ], [ 109.105087808000064, -6.840914921999968, 0.0 ], [ 109.105099706000033, -6.840923249999946, 0.0 ], [ 109.105110413000034, -6.840929198999959, 0.0 ], [ 109.10512944900006, -6.84093633699996, 0.0 ], [ 109.105147295000052, -6.840942285999972, 0.0 ], [ 109.105183080000074, -6.840945358999932, 0.0 ], [ 109.105208514000083, -6.840950043999953, 0.0 ], [ 109.105260319000081, -6.84096251099993, 0.0 ], [ 109.105273406000038, -6.840960131999964, 0.0 ], [ 109.105284114000085, -6.840954182999951, 0.0 ], [ 109.105292442000064, -6.84093990599996, 0.0 ], [ 109.105299580000064, -6.840924439999981, 0.0 ], [ 109.105312667000078, -6.840903024999932, 0.0 ], [ 109.105320995000056, -6.840889937999975, 0.0 ], [ 109.105330513000069, -6.84087804, 0.0 ], [ 109.105339391000086, -6.840855634999969, 0.0 ], [ 109.105353118000039, -6.840850676999935, 0.0 ], [ 109.105362636000052, -6.840850676999935, 0.0 ], [ 109.105369774000053, -6.840853055999958, 0.0 ], [ 109.105375723000066, -6.840860193999958, 0.0 ], [ 109.105375723000066, -6.840867332999949, 0.0 ], [ 109.105374533000088, -6.840876850999962, 0.0 ], [ 109.105347807000044, -6.840920008999944, 0.0 ], [ 109.105320867000046, -6.840977758999941, 0.0 ], [ 109.105304339000043, -6.84100534199996, 0.0 ], [ 109.105301960000077, -6.841014858999927, 0.0 ], [ 109.105303149000065, -6.841026756999952, 0.0 ], [ 109.105310288000055, -6.841043412999966, 0.0 ], [ 109.105318616000034, -6.841061258999957, 0.0 ], [ 109.105328134000047, -6.841075535999948, 0.0 ], [ 109.105380482000044, -6.841126693999968, 0.0 ], [ 109.105398328000035, -6.841144539999959, 0.0 ], [ 109.105416174000084, -6.84115881699995, 0.0 ], [ 109.105441158000076, -6.841175472999964, 0.0 ], [ 109.105462573000068, -6.841183800999943, 0.0 ], [ 109.10548041900006, -6.841193318999956, 0.0 ], [ 109.10548398800006, -6.841196887999956, 0.0 ], [ 109.105494696000051, -6.841201646999934, 0.0 ], [ 109.105518491000055, -6.841214733999948, 0.0 ], [ 109.105535147000069, -6.841224251999961, 0.0 ], [ 109.105575598000087, -6.841242097999952, 0.0 ], [ 109.105601772000057, -6.841250425999931, 0.0 ], [ 109.10563032500005, -6.841256374999944, 0.0 ], [ 109.105649361000076, -6.841259943999944, 0.0 ], [ 109.105669586000033, -6.841264702999979, 0.0 ], [ 109.105694571000072, -6.841268271999979, 0.0 ], [ 109.105712417000063, -6.841263512999944, 0.0 ], [ 109.105725504000077, -6.841253994999931, 0.0 ], [ 109.105739781000068, -6.841240907999975, 0.0 ], [ 109.105760006000082, -6.84121711399996, 0.0 ], [ 109.105783801000086, -6.841186180999955, 0.0 ], [ 109.105790847000037, -6.841177960999971, 0.0 ], [ 109.105809528000066, -6.84114808399994, 0.0 ], [ 109.105813693000073, -6.841140945999939, 0.0 ], [ 109.105820831000074, -6.841133807999938, 0.0 ], [ 109.105823805000057, -6.841129643999977, 0.0 ], [ 109.105831411000054, -6.841127852999932, 0.0 ], [ 109.105840233000038, -6.841127639999968, 0.0 ], [ 109.105847365000045, -6.841133213999967, 0.0 ], [ 109.105851169000061, -6.841136186999961, 0.0 ], [ 109.105852359000039, -6.841140350999979, 0.0 ], [ 109.105850574000044, -6.841149273999974, 0.0 ], [ 109.105847600000061, -6.841157601999953, 0.0 ], [ 109.10583689200007, -6.841174257999967, 0.0 ], [ 109.105816072000039, -6.841201026999954, 0.0 ], [ 109.105788687000086, -6.841234618999977, 0.0 ], [ 109.105769051000038, -6.841258704999973, 0.0 ], [ 109.105738587000076, -6.841291901999966, 0.0 ], [ 109.105736023000077, -6.841294695999977, 0.0 ], [ 109.105715600000053, -6.841322115999958, 0.0 ], [ 109.105709627000067, -6.841342616999952, 0.0 ], [ 109.105711530000065, -6.841354038999953, 0.0 ], [ 109.105719227000066, -6.841375694999954, 0.0 ], [ 109.105734373000075, -6.841404482999963, 0.0 ], [ 109.105757216000086, -6.841420663999941, 0.0 ], [ 109.105776252000055, -6.841440650999971, 0.0 ], [ 109.105792432000044, -6.841455879999955, 0.0 ], [ 109.105820986000083, -6.841485384999942, 0.0 ], [ 109.105838118000065, -6.841500612999937, 0.0 ], [ 109.105848587000082, -6.841512034999937, 0.0 ], [ 109.105854298000054, -6.841522503999954, 0.0 ], [ 109.105857153000045, -6.841537732999939, 0.0 ], [ 109.105862864000073, -6.841551057999936, 0.0 ], [ 109.105865719000064, -6.841562478999947, 0.0 ], [ 109.10587333400008, -6.841575803999945, 0.0 ], [ 109.105888562000075, -6.841594839999971, 0.0 ], [ 109.105923778000033, -6.841612923999946, 0.0 ], [ 109.105947573000037, -6.841628152999931, 0.0 ], [ 109.105969464000054, -6.841642428999933, 0.0 ], [ 109.105991355000072, -6.84165575399993, 0.0 ], [ 109.106009439000047, -6.84166717599993, 0.0 ], [ 109.106023592000042, -6.841676611999958, 0.0 ], [ 109.106088377000049, -6.841713277999929, 0.0 ], [ 109.106124069000089, -6.841740641999934, 0.0 ], [ 109.106172848000085, -6.841762056999926, 0.0 ], [ 109.106225197000072, -6.841785850999941, 0.0 ], [ 109.106266837000078, -6.841807265999932, 0.0 ], [ 109.106304908000084, -6.841823922999936, 0.0 ], [ 109.106348928000045, -6.841842957999972, 0.0 ], [ 109.106378672000062, -6.841860803999964, 0.0 ], [ 109.106414364000045, -6.841876270999933, 0.0 ], [ 109.106427451000059, -6.841877460999967, 0.0 ], [ 109.106436969000072, -6.841885788999946, 0.0 ], [ 109.106447676000073, -6.841890547999981, 0.0 ], [ 109.106452435000051, -6.841890547999981, 0.0 ], [ 109.106444107000073, -6.841919100999974, 0.0 ], [ 109.10643815800006, -6.841944084999966, 0.0 ], [ 109.10644529700005, -6.841959551999935, 0.0 ], [ 109.106461953000064, -6.841982156999961, 0.0 ], [ 109.106546424000044, -6.842028555999946, 0.0 ], [ 109.106563080000058, -6.842045212999949, 0.0 ], [ 109.106582116000084, -6.84205592, 0.0 ], [ 109.106597582000063, -6.842060678999928, 0.0 ], [ 109.106613049000089, -6.842057109999928, 0.0 ], [ 109.10665706900005, -6.842016658999967, 0.0 ], [ 109.106695140000056, -6.841961930999958, 0.0 ], [ 109.10670667800008, -6.841942263999954, 0.0 ], [ 109.106792730000052, -6.841833964999978, 0.0 ], [ 109.106823984000073, -6.841798804999939, 0.0 ], [ 109.106856765000089, -6.841745102999937, 0.0 ], [ 109.106862723000063, -6.841733536999925, 0.0 ], [ 109.106893171000081, -6.84167443299998, 0.0 ], [ 109.106897454000034, -6.84167015, 0.0 ], [ 109.106904886000052, -6.841667934999975, 0.0 ], [ 109.107023732000073, -6.841710112999976, 0.0 ], [ 109.107062454000072, -6.841723854999941, 0.0 ], [ 109.107087917000058, -6.841737544999944, 0.0 ], [ 109.10711817300006, -6.841753811999979, 0.0 ], [ 109.107181942000068, -6.841785220999952, 0.0 ], [ 109.107208592000063, -6.841796641999963, 0.0 ], [ 109.107240001000037, -6.841812822999941, 0.0 ], [ 109.107301867000047, -6.841839471999947, 0.0 ], [ 109.107339938000052, -6.841853748999938, 0.0 ], [ 109.107381817000089, -6.841863266999951, 0.0 ], [ 109.107410370000082, -6.841870880999977, 0.0 ], [ 109.10743810300005, -6.841875502999926, 0.0 ], [ 109.107438924000064, -6.841875639999955, 0.0 ], [ 109.107454152000059, -6.841872784999964, 0.0 ], [ 109.10746842900005, -6.841863266999951, 0.0 ], [ 109.107484610000085, -6.841841375999934, 0.0 ], [ 109.107495079000046, -6.841823291999958, 0.0 ], [ 109.107503645000065, -6.841803304999928, 0.0 ], [ 109.107511259000034, -6.84178712399995, 0.0 ], [ 109.107515624000087, -6.841783195999938, 0.0 ], [ 109.107520777000047, -6.84177855799993, 0.0 ], [ 109.107533151000041, -6.841776654999933, 0.0 ], [ 109.107540765000067, -6.841779509999981, 0.0 ], [ 109.107542668000065, -6.841790930999935, 0.0 ], [ 109.107536006000089, -6.841810918999954, 0.0 ], [ 109.107527440000069, -6.841830905999927, 0.0 ], [ 109.10751887400005, -6.841848038999956, 0.0 ], [ 109.107512666000048, -6.84186134, 0.0 ], [ 109.107512211000085, -6.841862314999958, 0.0 ], [ 109.107511259000034, -6.841883254999971, 0.0 ], [ 109.107521729000041, -6.841906096999935, 0.0 ], [ 109.107542668000065, -6.84193274699993, 0.0 ], [ 109.107565511000075, -6.84195273499995, 0.0 ], [ 109.107581692000053, -6.841965107999954, 0.0 ], [ 109.10761119700004, -6.84198319199993, 0.0 ], [ 109.107635943000048, -6.841993661999936, 0.0 ], [ 109.107670207000069, -6.842000323999969, 0.0 ], [ 109.107690195000089, -6.84200317899996, 0.0 ], [ 109.107708279000065, -6.842002227999956, 0.0 ], [ 109.107751013000041, -6.84199733, 0.0 ], [ 109.107789181000044, -6.841988188999949, 0.0 ], [ 109.107812737000074, -6.841981049999958, 0.0 ], [ 109.107847715000048, -6.841970342999957, 0.0 ], [ 109.10787341300005, -6.841957493999928, 0.0 ], [ 109.107885549000059, -6.841952496999966, 0.0 ], [ 109.107899825000061, -6.841949641999975, 0.0 ], [ 109.107914102000052, -6.841945357999975, 0.0 ], [ 109.107926951000081, -6.841936078999936, 0.0 ], [ 109.107934804000081, -6.841923229999963, 0.0 ], [ 109.107995480000056, -6.841759165999974, 0.0 ], [ 109.108031648000065, -6.84167350499996, 0.0 ], [ 109.108053539000082, -6.841630674999976, 0.0 ], [ 109.108067815000084, -6.841610686999957, 0.0 ], [ 109.108084948000055, -6.841587843999946, 0.0 ], [ 109.108133489000068, -6.84151931599996, 0.0 ], [ 109.108228667000049, -6.841401294999969, 0.0 ], [ 109.108275304000074, -6.841343235999943, 0.0 ], [ 109.108447577000049, -6.841125276999946, 0.0 ], [ 109.108519913000066, -6.841029146999972, 0.0 ], [ 109.10862460900006, -6.840893993999941, 0.0 ], [ 109.108719788000087, -6.840776923999954, 0.0 ], [ 109.108788335000042, -6.840689922999957, 0.0 ], [ 109.108798997000065, -6.840681648999976, 0.0 ], [ 109.108809284000074, -6.84067947799997, 0.0 ], [ 109.108824484000081, -6.840679841999929, 0.0 ], [ 109.10883209800005, -6.840684600999964, 0.0 ], [ 109.108834002000037, -6.840693166999927, 0.0 ], [ 109.108836857000085, -6.84070268499994, 0.0 ], [ 109.108836857000085, -6.840712202999953, 0.0 ], [ 109.108831147000046, -6.840723623999963, 0.0 ], [ 109.108774039000082, -6.84079500799993, 0.0 ], [ 109.108632578000083, -6.840975870999955, 0.0 ], [ 109.108524077000084, -6.841121074999933, 0.0 ], [ 109.10852084000004, -6.841125015999978, 0.0 ], [ 109.108155773000078, -6.841569521999929, 0.0 ], [ 109.108109694000063, -6.841629722999926, 0.0 ], [ 109.108103031000041, -6.841638764999971, 0.0 ], [ 109.108096369000066, -6.841650185999981, 0.0 ], [ 109.108067815000084, -6.841705389999959, 0.0 ], [ 109.108039262000034, -6.841767731999937, 0.0 ], [ 109.108020226000065, -6.841812940999944, 0.0 ], [ 109.107980251000072, -6.841907643999946, 0.0 ], [ 109.107947415000069, -6.841982358999928, 0.0 ], [ 109.107930373000045, -6.842014956999947, 0.0 ], [ 109.108424507000052, -6.842296031999979, 0.0 ], [ 109.108448420000059, -6.842252130999952, 0.0 ], [ 109.108422722000057, -6.842236425999943, 0.0 ], [ 109.108459842000059, -6.842170038999939, 0.0 ], [ 109.108507669000062, -6.842092230999981, 0.0 ], [ 109.108555496000065, -6.84202298799994, 0.0 ], [ 109.108574770000075, -6.841990865999946, 0.0 ], [ 109.108582622000085, -6.841979443999946, 0.0 ], [ 109.108592615000077, -6.841966594999974, 0.0 ], [ 109.108606178000059, -6.841945893999934, 0.0 ], [ 109.108623311000088, -6.841925905999972, 0.0 ], [ 109.108645439000043, -6.84190806, 0.0 ], [ 109.108656652000036, -6.841898192999963, 0.0 ], [ 109.108815856000035, -6.841776666999976, 0.0 ], [ 109.108956483000043, -6.84167744299998, 0.0 ], [ 109.109052851000058, -6.841611055999977, 0.0 ], [ 109.109113527000034, -6.841566797999974, 0.0 ], [ 109.109177059000046, -6.841518256999962, 0.0 ], [ 109.109274141000071, -6.841446158999929, 0.0 ], [ 109.109425427000076, -6.841326412999933, 0.0 ], [ 109.109515764000037, -6.841258937999953, 0.0 ], [ 109.109515822000049, -6.841258893999964, 0.0 ], [ 109.109582901000067, -6.841208551999955, 0.0 ], [ 109.109595434000084, -6.841200433999973, 0.0 ], [ 109.109608911000066, -6.841198496999937, 0.0 ], [ 109.109616049000067, -6.84119944899993, 0.0 ], [ 109.10962556700008, -6.841204207999965, 0.0 ], [ 109.109627913000054, -6.841205470999967, 0.0 ], [ 109.109631754000077, -6.841207538999981, 0.0 ], [ 109.109634609000068, -6.841212773999928, 0.0 ], [ 109.109630802000083, -6.841218484999956, 0.0 ], [ 109.109624140000051, -6.841223243999934, 0.0 ], [ 109.109614622000038, -6.841228477999948, 0.0 ], [ 109.109599393000053, -6.84123847199993, 0.0 ], [ 109.10952502300006, -6.84129786699998, 0.0 ], [ 109.109453770000073, -6.841355065999949, 0.0 ], [ 109.109369537000077, -6.841423117999966, 0.0 ], [ 109.109330038000053, -6.841452147999973, 0.0 ], [ 109.109235605000038, -6.841527798999948, 0.0 ], [ 109.109234891000085, -6.841536364999968, 0.0 ], [ 109.109238461000075, -6.841546358999949, 0.0 ], [ 109.109239484000057, -6.841553179999948, 0.0 ], [ 109.109240602000057, -6.841560634999951, 0.0 ], [ 109.109240602000057, -6.841570628999932, 0.0 ], [ 109.109244885000066, -6.841582049999943, 0.0 ], [ 109.109248454000067, -6.841594185999952, 0.0 ], [ 109.109254165000038, -6.841610603999925, 0.0 ], [ 109.109270583000068, -6.841648436999947, 0.0 ], [ 109.109269870000048, -6.841662713999938, 0.0 ], [ 109.109269156000039, -6.841681225999935, 0.0 ], [ 109.109269156000039, -6.841687888999957, 0.0 ], [ 109.109267728000077, -6.841696930999944, 0.0 ], [ 109.109268204000045, -6.841701213999954, 0.0 ], [ 109.10927296300008, -6.841705496999964, 0.0 ], [ 109.109304300000076, -6.841687515999979, 0.0 ], [ 109.109375683000053, -6.84178269399996, 0.0 ], [ 109.109380744000077, -6.841788722999979, 0.0 ], [ 109.109337612000047, -6.841823144999978, 0.0 ], [ 109.109459042000083, -6.841964863999976, 0.0 ], [ 109.109474876000036, -6.841973641999971, 0.0 ], [ 109.109482325000045, -6.84197913099996, 0.0 ], [ 109.109486178000054, -6.841981969999949, 0.0 ], [ 109.10949153200005, -6.841986728999927, 0.0 ], [ 109.109534315000076, -6.84194090099993, 0.0 ], [ 109.109562916000073, -6.841964718999975, 0.0 ], [ 109.109515478000048, -6.842024171999981, 0.0 ], [ 109.109517310000058, -6.842036388999929, 0.0 ], [ 109.10952971200004, -6.842050349999965, 0.0 ], [ 109.109550940000076, -6.842074244999935, 0.0 ], [ 109.109573029000046, -6.842092020999928, 0.0 ], [ 109.109630731000038, -6.84213901499993, 0.0 ], [ 109.109629541000061, -6.842143773999965, 0.0 ], [ 109.109622563000073, -6.842154866999977, 0.0 ], [ 109.109708063000085, -6.842218131999971, 0.0 ], [ 109.109780637000085, -6.842271669999946, 0.0 ], [ 109.109771876000082, -6.842282098999931, 0.0 ], [ 109.109801206000043, -6.842305560999932, 0.0 ], [ 109.109826610000084, -6.842326742999944, 0.0 ], [ 109.109843931000057, -6.842335094999953, 0.0 ], [ 109.109864379000044, -6.842341459999943, 0.0 ], [ 109.109877659000063, -6.842344123999965, 0.0 ], [ 109.109887772000036, -6.842342339999959, 0.0 ], [ 109.109895505000054, -6.842338175999942, 0.0 ], [ 109.109909187000085, -6.842326872999934, 0.0 ], [ 109.110038273000043, -6.842194217999975, 0.0 ], [ 109.110051360000057, -6.842181130999961, 0.0 ], [ 109.110058498000058, -6.84217399299996, 0.0 ], [ 109.110064444000045, -6.842167218999975, 0.0 ], [ 109.110072481000088, -6.842167986999925, 0.0 ], [ 109.110079319000079, -6.842168638999965, 0.0 ], [ 109.110085862000062, -6.842172802999926, 0.0 ], [ 109.11009002600008, -6.842178156999978, 0.0 ], [ 109.110091811000075, -6.842188864999969, 0.0 ], [ 109.11009002600008, -6.842198381999935, 0.0 ], [ 109.110081103000084, -6.842210279999961, 0.0 ], [ 109.110040057000049, -6.84225132499995, 0.0 ], [ 109.10999187300007, -6.842311406999954, 0.0 ], [ 109.10996558800008, -6.842338995999967, 0.0 ], [ 109.109957808000047, -6.842349493999961, 0.0 ], [ 109.109954992000041, -6.842360185999951, 0.0 ], [ 109.109958561000042, -6.842373272999964, 0.0 ], [ 109.109978191000039, -6.842388143999926, 0.0 ], [ 109.109990089000064, -6.84240123099994, 0.0 ], [ 109.109996037000087, -6.842420861999926, 0.0 ], [ 109.10999901200006, -6.842433353999979, 0.0 ], [ 109.110003176000077, -6.842442871999936, 0.0 ], [ 109.110006745000078, -6.842450009999936, 0.0 ], [ 109.110013289000051, -6.842455363999932, 0.0 ], [ 109.110021022000069, -6.842461312999944, 0.0 ], [ 109.110031134000053, -6.842467855999928, 0.0 ], [ 109.110040057000049, -6.842475589999935, 0.0 ], [ 109.110049159000084, -6.842464613999937, 0.0 ], [ 109.110174913000037, -6.842557283999952, 0.0 ], [ 109.110178483000084, -6.84255942599998, 0.0 ], [ 109.110184293000088, -6.84255264799998, 0.0 ], [ 109.110184343000071, -6.842552682999951, 0.0 ], [ 109.11023268100007, -6.842584870999929, 0.0 ], [ 109.110259860000042, -6.842602969999973, 0.0 ], [ 109.110263197000052, -6.84259923299993, 0.0 ], [ 109.110295552000082, -6.84256299499998, 0.0 ], [ 109.110305546000063, -6.842563708999933, 0.0 ], [ 109.110318816000074, -6.842570522999949, 0.0 ], [ 109.110331958000074, -6.842577271999971, 0.0 ], [ 109.11041976000007, -6.842475192999927, 0.0 ], [ 109.110437606000062, -6.842450922999944, 0.0 ], [ 109.110449027000072, -6.842440214999954, 0.0 ], [ 109.110457593000035, -6.842433789999973, 0.0 ], [ 109.110464732000082, -6.842430934999925, 0.0 ], [ 109.110476867000045, -6.842430934999925, 0.0 ], [ 109.110480859000063, -6.842434619999949, 0.0 ], [ 109.110486147000074, -6.842439500999944, 0.0 ], [ 109.110483292000083, -6.842456632999927, 0.0 ], [ 109.110472584000036, -6.842470195999965, 0.0 ], [ 109.110452597000062, -6.842488041999957, 0.0 ], [ 109.110442603000081, -6.842498035999938, 0.0 ], [ 109.110371853000061, -6.84258897199993, 0.0 ], [ 109.110391681000067, -6.842602261999957, 0.0 ], [ 109.110406911000041, -6.842621529999974, 0.0 ], [ 109.11041547700006, -6.842628667999975, 0.0 ], [ 109.110422615000061, -6.842635806999965, 0.0 ], [ 109.110466159000055, -6.842662218999976, 0.0 ], [ 109.110461163000082, -6.84267792299994, 0.0 ], [ 109.110590367000043, -6.842755731999944, 0.0 ], [ 109.11058180100008, -6.842772863999926, 0.0 ], [ 109.110691732000078, -6.842836394999949, 0.0 ], [ 109.110708887000044, -6.842814876999967, 0.0 ], [ 109.11077819500008, -6.842866475999926, 0.0 ], [ 109.110805867000067, -6.842887077999933, 0.0 ], [ 109.110878895000042, -6.842778346999978, 0.0 ], [ 109.110902235000083, -6.842743595999934, 0.0 ], [ 109.110910801000045, -6.842735029999972, 0.0 ], [ 109.110922937000055, -6.842730032999953, 0.0 ], [ 109.110932217000084, -6.842734315999962, 0.0 ], [ 109.110935786000084, -6.842743595999934, 0.0 ], [ 109.110933644000056, -6.842757158999973, 0.0 ], [ 109.110922937000055, -6.842772149999973, 0.0 ], [ 109.110909374000073, -6.842792850999956, 0.0 ], [ 109.110860833000061, -6.84287137299998, 0.0 ], [ 109.110855122000089, -6.842884935999962, 0.0 ], [ 109.110859405000042, -6.842896357999962, 0.0 ], [ 109.110867971000062, -6.842907064999963, 0.0 ], [ 109.110872254000071, -6.842912775999935, 0.0 ], [ 109.110878679000052, -6.842917058999944, 0.0 ], [ 109.110888672000044, -6.842927052999926, 0.0 ], [ 109.110909079000066, -6.842941856999971, 0.0 ], [ 109.111056178000069, -6.843013470999949, 0.0 ], [ 109.111088137000081, -6.843027997999968, 0.0 ], [ 109.111086406000084, -6.84304055299998, 0.0 ], [ 109.111184201000071, -6.843077672999925, 0.0 ], [ 109.111183488000052, -6.843088379999926, 0.0 ], [ 109.111261296000066, -6.843116933999966, 0.0 ], [ 109.111270055000034, -6.843103794999934, 0.0 ], [ 109.111344123000038, -6.843134557999974, 0.0 ], [ 109.111349812000071, -6.843136920999939, 0.0 ], [ 109.111433580000039, -6.842996501999949, 0.0 ], [ 109.111444039000048, -6.843002719999959, 0.0 ], [ 109.111452605000068, -6.842994866999959, 0.0 ], [ 109.111460609000062, -6.842984288999958, 0.0 ], [ 109.111470451000059, -6.842977020999967, 0.0 ], [ 109.111479017000079, -6.842977020999967, 0.0 ], [ 109.111488297000051, -6.842984873999967, 0.0 ], [ 109.111491866000051, -6.84299700899993, 0.0 ], [ 109.11148972400008, -6.843006288999959, 0.0 ], [ 109.111484014000041, -6.843019851999941, 0.0 ], [ 109.111411916000066, -6.84317118499996, 0.0 ], [ 109.111424051000085, -6.84317975099998, 0.0 ], [ 109.111430476000066, -6.843174040999941, 0.0 ], [ 109.111496149000061, -6.843209018999971, 0.0 ], [ 109.111490256000081, -6.843218513999943, 0.0 ], [ 109.111668464000047, -6.843308422999939, 0.0 ], [ 109.111663365000084, -6.84332186499995, 0.0 ], [ 109.111758544000054, -6.843369453999969, 0.0 ], [ 109.111809107000056, -6.843399791999957, 0.0 ], [ 109.111833497000077, -6.843407524999975, 0.0 ], [ 109.111848948000045, -6.843413319999968, 0.0 ], [ 109.111852533000047, -6.843414663999965, 0.0 ], [ 109.111863835000065, -6.843419422999943, 0.0 ], [ 109.111873353000078, -6.843419422999943, 0.0 ], [ 109.111879896000062, -6.843414663999965, 0.0 ], [ 109.111943547000067, -6.843300449999958, 0.0 ], [ 109.111955507000062, -6.843284661999974, 0.0 ], [ 109.111958419000075, -6.843280818999972, 0.0 ], [ 109.111965557000076, -6.843277844999932, 0.0 ], [ 109.111976859000038, -6.843280223999955, 0.0 ], [ 109.11198280800005, -6.843296285999941, 0.0 ], [ 109.111975670000049, -6.843316510999955, 0.0 ], [ 109.111932245000048, -6.84340574099997, 0.0 ], [ 109.111922132000075, -6.843432509999957, 0.0 ], [ 109.111919157000045, -6.843442621999941, 0.0 ], [ 109.111919157000045, -6.843447975999936, 0.0 ], [ 109.111922132000075, -6.843451544999937, 0.0 ], [ 109.111930849000089, -6.843459751999944, 0.0 ], [ 109.112105945000053, -6.843544938999969, 0.0 ], [ 109.112111147000064, -6.843538002999935, 0.0 ], [ 109.112378324000076, -6.843653958999937, 0.0 ], [ 109.11240635200005, -6.843672239999933, 0.0 ], [ 109.112414694000051, -6.843674874999977, 0.0 ], [ 109.112417655000058, -6.843675809999979, 0.0 ], [ 109.112432526000077, -6.843675809999979, 0.0 ], [ 109.112440854000056, -6.84367283499995, 0.0 ], [ 109.112452752000081, -6.843661532999931, 0.0 ], [ 109.112461675000077, -6.843652609999936, 0.0 ], [ 109.112474762000033, -6.843634763999944, 0.0 ], [ 109.112535988000047, -6.843508195999959, 0.0 ], [ 109.112545551000039, -6.843488426999954, 0.0 ], [ 109.112556258000041, -6.843483667999976, 0.0 ], [ 109.112566371000071, -6.843482477999942, 0.0 ], [ 109.112577078000072, -6.843497944999967, 0.0 ], [ 109.112569345000054, -6.843516385999976, 0.0 ], [ 109.112559232000081, -6.843536015999973, 0.0 ], [ 109.11252294600007, -6.843620486999953, 0.0 ], [ 109.112519377000069, -6.843628219999971, 0.0 ], [ 109.112518187000035, -6.843640117999939, 0.0 ], [ 109.112519377000069, -6.843642496999962, 0.0 ], [ 109.112521756000035, -6.843648445999975, 0.0 ], [ 109.112615150000067, -6.843707931999973, 0.0 ], [ 109.112668093000082, -6.84373827, 0.0 ], [ 109.112787066000067, -6.84380370599996, 0.0 ], [ 109.112847614000088, -6.843833716999939, 0.0 ], [ 109.11285547500006, -6.843837612999948, 0.0 ], [ 109.112870942000086, -6.843850104999945, 0.0 ], [ 109.112941731000035, -6.843724588999976, 0.0 ], [ 109.112947679000058, -6.843718639999963, 0.0 ], [ 109.112953033000053, -6.843716854999968, 0.0 ], [ 109.112961956000049, -6.843721018999929, 0.0 ], [ 109.112968500000079, -6.843723398999941, 0.0 ], [ 109.112970284000085, -6.843730536999942, 0.0 ], [ 109.112967905000062, -6.843741244999933, 0.0 ], [ 109.11296552500005, -6.843750167999929, 0.0 ], [ 109.112927589000037, -6.843827224999927, 0.0 ], [ 109.112914186000069, -6.843854449999981, 0.0 ], [ 109.112908418000075, -6.843866165999941, 0.0 ], [ 109.112912010000059, -6.843868302999965, 0.0 ], [ 109.112955413000066, -6.843894124999963, 0.0 ], [ 109.11306367800006, -6.843958964999956, 0.0 ], [ 109.113075443000071, -6.843941664999932, 0.0 ], [ 109.113132664000034, -6.843976983999937, 0.0 ], [ 109.113245002000042, -6.844037094999976, 0.0 ], [ 109.113254630000085, -6.844042246999948, 0.0 ], [ 109.113288111000088, -6.843981786999962, 0.0 ], [ 109.113315901000078, -6.843931601999941, 0.0 ], [ 109.113324292000073, -6.843936933999942, 0.0 ], [ 109.113333760000046, -6.843942949999928, 0.0 ], [ 109.113388914000041, -6.843977996999968, 0.0 ], [ 109.113326014000052, -6.844090430999927, 0.0 ], [ 109.113436659000058, -6.844154080999942, 0.0 ], [ 109.113432364000062, -6.844161239999949, 0.0 ], [ 109.113551468000082, -6.844230818999961, 0.0 ], [ 109.113585970000088, -6.844250448999958, 0.0 ], [ 109.113605600000085, -6.844255802999953, 0.0 ], [ 109.113624636000054, -6.844260561999931, 0.0 ], [ 109.113633410000034, -6.844262367999931, 0.0 ], [ 109.113644862000058, -6.844264725999949, 0.0 ], [ 109.113663302000077, -6.844266510999944, 0.0 ], [ 109.113668656000073, -6.844260561999931, 0.0 ], [ 109.113717179000048, -6.844164659999933, 0.0 ], [ 109.113718058000075, -6.844162921999953, 0.0 ], [ 109.113724656000045, -6.844160322999926, 0.0 ], [ 109.113729927000065, -6.844160029999955, 0.0 ], [ 109.113735725000083, -6.844165464999946, 0.0 ], [ 109.113738573000035, -6.844174402999954, 0.0 ], [ 109.113737066000056, -6.844183824999959, 0.0 ], [ 109.113726953000082, -6.844207023999957, 0.0 ], [ 109.113697805000072, -6.844266510999944, 0.0 ], [ 109.113702683000042, -6.844279852999932, 0.0 ], [ 109.11378714600005, -6.844327107999959, 0.0 ], [ 109.113779301000079, -6.844347411999934, 0.0 ], [ 109.113893515000086, -6.844405708999943, 0.0 ], [ 109.113983340000061, -6.844451513999957, 0.0 ], [ 109.114014896000072, -6.844464982999966, 0.0 ], [ 109.114032119000058, -6.844472333999931, 0.0 ], [ 109.114037473000053, -6.844468169999971, 0.0 ], [ 109.114045801000088, -6.844452108999974, 0.0 ], [ 109.114073759000064, -6.844406303999961, 0.0 ], [ 109.114094570000077, -6.844367037999973, 0.0 ], [ 109.114101503000086, -6.844359104999967, 0.0 ], [ 109.114102972000069, -6.844357424999941, 0.0 ], [ 109.114109204000044, -6.844353651999938, 0.0 ], [ 109.114116391000039, -6.844352765999929, 0.0 ], [ 109.114121943000043, -6.844356334999929, 0.0 ], [ 109.114125513000033, -6.844360499999937, 0.0 ], [ 109.114124323000055, -6.844368232999955, 0.0 ], [ 109.114115995000077, -6.844383698999934, 0.0 ], [ 109.114079113000059, -6.844488395999974, 0.0 ], [ 109.114093985000068, -6.844502671999976, 0.0 ], [ 109.114123133000078, -6.844519328999979, 0.0 ], [ 109.114145143000087, -6.844530035999981, 0.0 ], [ 109.114148383000042, -6.844519272999946, 0.0 ], [ 109.114345107000076, -6.844634884999948, 0.0 ], [ 109.114374541000075, -6.844645285999945, 0.0 ], [ 109.114378001000034, -6.844646508999972, 0.0 ], [ 109.114393549000056, -6.844646629999943, 0.0 ], [ 109.11441020500007, -6.844634731999975, 0.0 ], [ 109.114464187000067, -6.844536164999965, 0.0 ], [ 109.114466599000082, -6.844531760999928, 0.0 ], [ 109.114481589000036, -6.844534616999965, 0.0 ], [ 109.114486586000055, -6.844541754999966, 0.0 ], [ 109.114487300000064, -6.844550320999929, 0.0 ], [ 109.114445897000053, -6.844656682999926, 0.0 ], [ 109.114445897000053, -6.844660965999935, 0.0 ], [ 109.114448753000033, -6.844673100999955, 0.0 ], [ 109.114463029000035, -6.844693802999927, 0.0 ], [ 109.114565108000079, -6.844759475999979, 0.0 ], [ 109.114649341000074, -6.844804446999945, 0.0 ], [ 109.114765697000053, -6.844865123999966, 0.0 ], [ 109.114866027000062, -6.844918137999969, 0.0 ], [ 109.11488552600008, -6.844928440999979, 0.0 ], [ 109.114916935000053, -6.844882755999947, 0.0 ], [ 109.11492740500006, -6.844884658999945, 0.0 ], [ 109.114983672000051, -6.844787241999938, 0.0 ], [ 109.114986791000035, -6.844781840999929, 0.0 ], [ 109.114997779000078, -6.844773862999944, 0.0 ], [ 109.115007355000046, -6.844773299999929, 0.0 ], [ 109.115013958000077, -6.844776855999953, 0.0 ], [ 109.115020156000071, -6.844786805999945, 0.0 ], [ 109.115020680000043, -6.844795190999946, 0.0 ], [ 109.115006403000052, -6.844822792999935, 0.0 ], [ 109.114965476000066, -6.844901790999927, 0.0 ], [ 109.114965476000066, -6.844920826999953, 0.0 ], [ 109.11498070500005, -6.84493129699996, 0.0 ], [ 109.114962621000075, -6.844975078999937, 0.0 ], [ 109.115054628000053, -6.845012963999977, 0.0 ], [ 109.115222458000062, -6.845090244999938, 0.0 ], [ 109.115321322000057, -6.845133547999978, 0.0 ], [ 109.115337624000063, -6.845140688999948, 0.0 ], [ 109.115344286000038, -6.845134977999976, 0.0 ], [ 109.11539229400006, -6.845054325999968, 0.0 ], [ 109.115430745000083, -6.844996693999974, 0.0 ], [ 109.115434397000058, -6.8449912199999, 0.0 ], [ 109.115442740000049, -6.844980600999975, 0.0 ], [ 109.115453567000088, -6.844977781999944, 0.0 ], [ 109.115458501000035, -6.844979837999972, 0.0 ], [ 109.115466115000061, -6.84499316299997, 0.0 ], [ 109.115465163000067, -6.845007438999971, 0.0 ], [ 109.115396101000044, -6.845126769999979, 0.0 ], [ 109.115398538000079, -6.845146113999931, 0.0 ], [ 109.115409008000086, -6.845154679999951, 0.0 ], [ 109.115438513000072, -6.845175619999964, 0.0 ], [ 109.115518463000058, -6.845221304999939, 0.0 ], [ 109.115605380000034, -6.84527024099998, 0.0 ], [ 109.115605418000087, -6.845270261999929, 0.0 ], [ 109.115679550000038, -6.845307518999959, 0.0 ], [ 109.115695495000068, -6.845315531999972, 0.0 ], [ 109.115709772000059, -6.84531743499997, 0.0 ], [ 109.115724048000061, -6.845302206999975, 0.0 ], [ 109.115764975000047, -6.845246051999936, 0.0 ], [ 109.115799052000057, -6.845193516999927, 0.0 ], [ 109.115810661000069, -6.845175619999964, 0.0 ], [ 109.115819227000088, -6.845166101999951, 0.0 ], [ 109.115832552000086, -6.84516324599997, 0.0 ], [ 109.11584397300004, -6.845168004999948, 0.0 ], [ 109.115847780000081, -6.845179426999948, 0.0 ], [ 109.115842070000042, -6.845194654999943, 0.0 ], [ 109.115769734000082, -6.845325049999929, 0.0 ], [ 109.115766879000034, -6.845336470999939, 0.0 ], [ 109.115775445000054, -6.845343133999961, 0.0 ], [ 109.115803998000047, -6.845362168999941, 0.0 ], [ 109.115858250000088, -6.845388818999936, 0.0 ], [ 109.115908695000087, -6.845420227999966, 0.0 ], [ 109.115972464000038, -6.845453540999927, 0.0 ], [ 109.116018150000059, -6.845478286999935, 0.0 ], [ 109.116020053000057, -6.845493515999976, 0.0 ], [ 109.11609429300006, -6.845532538999976, 0.0 ], [ 109.116087630000038, -6.845543007999936, 0.0 ], [ 109.116315531000055, -6.845646568999939, 0.0 ], [ 109.116332239000087, -6.845646752999926, 0.0 ], [ 109.116346515000089, -6.845631523999941, 0.0 ], [ 109.116362696000067, -6.845610584999974, 0.0 ], [ 109.116386213000055, -6.845568895999975, 0.0 ], [ 109.116422715000056, -6.845515320999937, 0.0 ], [ 109.116425640000045, -6.845511027999976, 0.0 ], [ 109.11643039900008, -6.845508648999953, 0.0 ], [ 109.116437538000071, -6.84550924399997, 0.0 ], [ 109.116442892000066, -6.845512217999953, 0.0 ], [ 109.116445271000089, -6.845519356999944, 0.0 ], [ 109.116442892000066, -6.845527684999979, 0.0 ], [ 109.116393518000052, -6.84561929399996, 0.0 ], [ 109.11639054300008, -6.845629406999933, 0.0 ], [ 109.11639113800004, -6.845640113999934, 0.0 ], [ 109.116392923000035, -6.845656175999977, 0.0 ], [ 109.116399466000075, -6.845665097999927, 0.0 ], [ 109.116412553000089, -6.845674020999979, 0.0 ], [ 109.116440512000054, -6.845687702999953, 0.0 ], [ 109.11652200900005, -6.84572101599997, 0.0 ], [ 109.116617782000048, -6.845763250999937, 0.0 ], [ 109.11667191500004, -6.845787640999959, 0.0 ], [ 109.116761739000083, -6.84583463499996, 0.0 ], [ 109.116837287000067, -6.845873895999944, 0.0 ], [ 109.116937819000043, -6.845920890999935, 0.0 ], [ 109.117036670000061, -6.845974143999968, 0.0 ], [ 109.117149745000063, -6.846027651999975, 0.0 ], [ 109.117412133000073, -6.846150555999941, 0.0 ], [ 109.117438796000044, -6.846156776999976, 0.0 ], [ 109.117449780000072, -6.846152411999981, 0.0 ], [ 109.117462154000066, -6.846140038999977, 0.0 ], [ 109.117484045000083, -6.846114340999975, 0.0 ], [ 109.117546522000055, -6.846040353999967, 0.0 ], [ 109.117556380000053, -6.846028679999961, 0.0 ], [ 109.117568753000057, -6.846022017999928, 0.0 ], [ 109.117577319000077, -6.846022968999932, 0.0 ], [ 109.11757827100007, -6.84603629399993, 0.0 ], [ 109.117570657000044, -6.846050570999978, 0.0 ], [ 109.117534489000036, -6.846105774999955, 0.0 ], [ 109.117523068000082, -6.846122906999938, 0.0 ], [ 109.117510695000078, -6.846136231999935, 0.0 ], [ 109.117505936000043, -6.846148604999939, 0.0 ], [ 109.117501177000065, -6.846159074999946, 0.0 ], [ 109.117501177000065, -6.846165790999976, 0.0 ], [ 109.117501177000065, -6.846174302999941, 0.0 ], [ 109.11750498400005, -6.846184772999948, 0.0 ], [ 109.117513550000069, -6.846189531999926, 0.0 ], [ 109.117523068000082, -6.846189531999926, 0.0 ], [ 109.117534489000036, -6.846188579999932, 0.0 ], [ 109.117553141000087, -6.846190446999969, 0.0 ], [ 109.11760933100004, -6.846214012999951, 0.0 ], [ 109.117626211000072, -6.846223148999968, 0.0 ], [ 109.117850771000064, -6.846323943999948, 0.0 ], [ 109.117879987000038, -6.846337057999961, 0.0 ], [ 109.11788664900007, -6.846344672999976, 0.0 ], [ 109.117892360000042, -6.846350382999958, 0.0 ], [ 109.117906637000033, -6.846353238999939, 0.0 ], [ 109.117919010000037, -6.846348479999961, 0.0 ], [ 109.117964696000058, -6.846313263999946, 0.0 ], [ 109.118032688000085, -6.846237715999962, 0.0 ], [ 109.118041790000063, -6.846227602999932, 0.0 ], [ 109.118057019000048, -6.84622189199996, 0.0 ], [ 109.118066537000061, -6.846227602999932, 0.0 ], [ 109.118066537000061, -6.846239975999936, 0.0 ], [ 109.118039887000066, -6.846278998999935, 0.0 ], [ 109.118027965000067, -6.846295232999978, 0.0 ], [ 109.117995153000038, -6.846339913999941, 0.0 ], [ 109.117984683000088, -6.846355141999936, 0.0 ], [ 109.117980876000047, -6.84637893699994, 0.0 ], [ 109.117973262000078, -6.846391309999944, 0.0 ], [ 109.117967551000049, -6.846398923999971, 0.0 ], [ 109.117969455000036, -6.846415104999949, 0.0 ], [ 109.117979924000053, -6.846430332999944, 0.0 ], [ 109.117994201000045, -6.846444609999935, 0.0 ], [ 109.118034176000037, -6.846468404999939, 0.0 ], [ 109.118070344000046, -6.846488391999969, 0.0 ], [ 109.118178847000081, -6.846539787999973, 0.0 ], [ 109.118397758000071, -6.846648291999941, 0.0 ], [ 109.118432022000036, -6.846658760999958, 0.0 ], [ 109.118521490000035, -6.846692073999975, 0.0 ], [ 109.118524439000055, -6.846676342999956, 0.0 ], [ 109.118673775000047, -6.846717771999977, 0.0 ], [ 109.118683309000062, -6.846719874999962, 0.0 ], [ 109.118738496000049, -6.846732048999968, 0.0 ], [ 109.118753725000033, -6.846731096999974, 0.0 ], [ 109.11876419500004, -6.846716819999926, 0.0 ], [ 109.118771809000066, -6.846696832999953, 0.0 ], [ 109.118802266000046, -6.846607364999954, 0.0 ], [ 109.118805847000033, -6.84659702099998, 0.0 ], [ 109.118810832000065, -6.846582618999946, 0.0 ], [ 109.118818446000034, -6.846575955999981, 0.0 ], [ 109.118827012000054, -6.846577859999968, 0.0 ], [ 109.118834627000069, -6.846588328999928, 0.0 ], [ 109.118836530000067, -6.846593087999963, 0.0 ], [ 109.118834627000069, -6.846604509999963, 0.0 ], [ 109.118821092000076, -6.846650337999961, 0.0 ], [ 109.118817818000082, -6.846661427999948, 0.0 ], [ 109.118802828000071, -6.846711496999944, 0.0 ], [ 109.118810035000081, -6.846755729999927, 0.0 ], [ 109.118833896000069, -6.846790486999964, 0.0 ], [ 109.119017924000048, -6.846864584999935, 0.0 ], [ 109.119146415000046, -6.846917408999957, 0.0 ], [ 109.119300604000045, -6.84696880499996, 0.0 ], [ 109.119357896000054, -6.846987137999974, 0.0 ], [ 109.119371155000067, -6.846991231999937, 0.0 ], [ 109.119440755000085, -6.846853817999943, 0.0 ], [ 109.119450273000041, -6.846837755999957, 0.0 ], [ 109.119456221000064, -6.846833591999939, 0.0 ], [ 109.119463954000082, -6.846832996999979, 0.0 ], [ 109.119471688000033, -6.846836566999968, 0.0 ], [ 109.119474269000079, -6.846842016999972, 0.0 ], [ 109.119477041000039, -6.84684786899993, 0.0 ], [ 109.119475257000033, -6.846859171999938, 0.0 ], [ 109.119418150000058, -6.847011456999951, 0.0 ], [ 109.119424693000042, -6.847018594999952, 0.0 ], [ 109.119435401000032, -6.847025138999925, 0.0 ], [ 109.119463954000082, -6.847038225999938, 0.0 ], [ 109.119492673000082, -6.847059356999978, 0.0 ], [ 109.119614455000033, -6.847103660999949, 0.0 ], [ 109.119678701000055, -6.847119127999974, 0.0 ], [ 109.119775038000057, -6.847130375999939, 0.0 ], [ 109.119795889000045, -6.847132809999948, 0.0 ], [ 109.119806597000036, -6.847117342999979, 0.0 ], [ 109.119816709000077, -6.847094142999936, 0.0 ], [ 109.11985240100006, -6.846990636999976, 0.0 ], [ 109.119862922000038, -6.846966850999934, 0.0 ], [ 109.119866083000034, -6.846959703999971, 0.0 ], [ 109.119875006000086, -6.846954349999976, 0.0 ], [ 109.119880360000082, -6.846953754999959, 0.0 ], [ 109.119886904000055, -6.846957323999959, 0.0 ], [ 109.119891663000033, -6.846963272999972, 0.0 ], [ 109.119892852000078, -6.846970410999973, 0.0 ], [ 109.119889878000038, -6.846987661999947, 0.0 ], [ 109.119843478000064, -6.847136973999966, 0.0 ], [ 109.119848832000059, -6.847148275999928, 0.0 ], [ 109.119861919000073, -6.847158983999975, 0.0 ], [ 109.119869058000063, -6.847172665999949, 0.0 ], [ 109.119876791000081, -6.847182777999933, 0.0 ], [ 109.119907129000069, -6.847196459999964, 0.0 ], [ 109.119947580000087, -6.847214305999955, 0.0 ], [ 109.119969590000039, -6.847223823999968, 0.0 ], [ 109.119979108000052, -6.847203597999965, 0.0 ], [ 109.120025507000037, -6.847219659999951, 0.0 ], [ 109.120033240000055, -6.847205977999977, 0.0 ], [ 109.12015963500005, -6.847249474999956, 0.0 ], [ 109.120180172000062, -6.847256541999968, 0.0 ], [ 109.12018850000004, -6.847248212999943, 0.0 ], [ 109.120238469000071, -6.847142326999972, 0.0 ], [ 109.120249177000062, -6.847126860999936, 0.0 ], [ 109.120260942000073, -6.847110116999943, 0.0 ], [ 109.120264643000041, -6.847104850999926, 0.0 ], [ 109.12027594500006, -6.847102470999971, 0.0 ], [ 109.120283679000067, -6.847111393999967, 0.0 ], [ 109.120281894000072, -6.847122696999975, 0.0 ], [ 109.120263453000064, -6.847169690999976, 0.0 ], [ 109.120221126000047, -6.8472673699999, 0.0 ], [ 109.120217054000079, -6.847276766999926, 0.0 ], [ 109.120218244000057, -6.847283904999927, 0.0 ], [ 109.120223002000046, -6.847287474999973, 0.0 ], [ 109.120239321000042, -6.847294040999941, 0.0 ], [ 109.120323535000068, -6.847327924999945, 0.0 ], [ 109.120343760000083, -6.847335658999953, 0.0 ], [ 109.120358632000034, -6.847339227999953, 0.0 ], [ 109.120376478000082, -6.847346365999954, 0.0 ], [ 109.120388970000079, -6.847351719999949, 0.0 ], [ 109.12040027200004, -6.847357668999962, 0.0 ], [ 109.120413954000071, -6.84736540199998, 0.0 ], [ 109.120431800000063, -6.847373134999941, 0.0 ], [ 109.120504167000036, -6.847395934999952, 0.0 ], [ 109.120533522000073, -6.847407041999929, 0.0 ], [ 109.120538207000038, -6.847388303999935, 0.0 ], [ 109.120540661000064, -6.847378488999937, 0.0 ], [ 109.120550798000068, -6.847381150999979, 0.0 ], [ 109.120599552000044, -6.847393954999973, 0.0 ], [ 109.120625131000054, -6.847327924999945, 0.0 ], [ 109.120650787000045, -6.847272562999933, 0.0 ], [ 109.120659039000088, -6.847254756999973, 0.0 ], [ 109.120666177000032, -6.847250592999956, 0.0 ], [ 109.120675100000085, -6.847251782999933, 0.0 ], [ 109.120682238000086, -6.847258325999974, 0.0 ], [ 109.120684023000081, -6.84726784399993, 0.0 ], [ 109.120681049000041, -6.847275576999948, 0.0 ], [ 109.120676727000046, -6.847286612999937, 0.0 ], [ 109.120662233000076, -6.847323623999955, 0.0 ], [ 109.120642977000045, -6.847389195999938, 0.0 ], [ 109.12064059800008, -6.847411205999947, 0.0 ], [ 109.12064416700008, -6.847421318999977, 0.0 ], [ 109.120653685000036, -6.847431431999951, 0.0 ], [ 109.120695325000042, -6.847459390999973, 0.0 ], [ 109.120692138000038, -6.847465428999953, 0.0 ], [ 109.120753870000044, -6.847489542999938, 0.0 ], [ 109.120839810000064, -6.847513598999967, 0.0 ], [ 109.120848761000047, -6.847497639999972, 0.0 ], [ 109.120871604000058, -6.847504778999962, 0.0 ], [ 109.120869563000042, -6.847514644999933, 0.0 ], [ 109.120867321000048, -6.847525479999945, 0.0 ], [ 109.120907296000041, -6.847540470999945, 0.0 ], [ 109.120932994000043, -6.847546894999937, 0.0 ], [ 109.120957264000083, -6.847544039999946, 0.0 ], [ 109.120977966000055, -6.847532617999946, 0.0 ], [ 109.120990101000075, -6.847516199999973, 0.0 ], [ 109.121006519000048, -6.847484790999943, 0.0 ], [ 109.121043035000071, -6.847392096999954, 0.0 ], [ 109.121052919000078, -6.847367007999935, 0.0 ], [ 109.121060057000079, -6.847355586999981, 0.0 ], [ 109.121069337000051, -6.847351303999972, 0.0 ], [ 109.121082900000033, -6.847354158999963, 0.0 ], [ 109.121082900000033, -6.847376287999964, 0.0 ], [ 109.12106719600007, -6.847419831999957, 0.0 ], [ 109.121030790000077, -6.847518341999944, 0.0 ], [ 109.121026507000067, -6.847530476999964, 0.0 ], [ 109.121135724000055, -6.847572592999938, 0.0 ], [ 109.121130013000084, -6.847594008999977, 0.0 ], [ 109.121181410000077, -6.84761042699995, 0.0 ], [ 109.121195686000078, -6.847587583999939, 0.0 ], [ 109.121257790000072, -6.847611140999959, 0.0 ], [ 109.121254221000072, -6.847624703999941, 0.0 ], [ 109.121300621000046, -6.84764112199997, 0.0 ], [ 109.12137129100006, -6.847659681999971, 0.0 ], [ 109.121414835000053, -6.847667533999982, 0.0 ], [ 109.121435455000039, -6.847662730999957, 0.0 ], [ 109.121448385000065, -6.847658253999953, 0.0 ], [ 109.121461948000047, -6.847635410999942, 0.0 ], [ 109.121524135000072, -6.847502952999946, 0.0 ], [ 109.12153333200007, -6.84748336399997, 0.0 ], [ 109.12154047000007, -6.847477652999942, 0.0 ], [ 109.12155189200007, -6.847475510999971, 0.0 ], [ 109.121562599000072, -6.847478366999951, 0.0 ], [ 109.121566169000062, -6.847484790999943, 0.0 ], [ 109.121563313000081, -6.847498353999981, 0.0 ], [ 109.12155260600008, -6.847522624999954, 0.0 ], [ 109.121508326000082, -6.847627724999938, 0.0 ], [ 109.121499782000058, -6.847651828999972, 0.0 ], [ 109.121497640000086, -6.847663964999981, 0.0 ], [ 109.121501923000039, -6.847673957999973, 0.0 ], [ 109.121512631000087, -6.847685379999973, 0.0 ], [ 109.121522624000079, -6.847698228999946, 0.0 ], [ 109.121531190000042, -6.847706794999965, 0.0 ], [ 109.12153975700005, -6.847717502999956, 0.0 ], [ 109.121550464000052, -6.847724640999957, 0.0 ], [ 109.121559744000081, -6.847728923999966, 0.0 ], [ 109.121566169000062, -6.847731778999957, 0.0 ], [ 109.121571176000089, -6.847718258999976, 0.0 ], [ 109.121757477000074, -6.847781033999979, 0.0 ], [ 109.121796024000048, -6.847786744999951, 0.0 ], [ 109.121850990000041, -6.847790313999951, 0.0 ], [ 109.121895962000053, -6.847792455999979, 0.0 ], [ 109.121918805000064, -6.84779174199997, 0.0 ], [ 109.121925229000055, -6.847786744999951, 0.0 ], [ 109.121934509000084, -6.847775322999951, 0.0 ], [ 109.121970564000037, -6.847661305999964, 0.0 ], [ 109.121976626000048, -6.847648973999981, 0.0 ], [ 109.121983764000049, -6.847644690999971, 0.0 ], [ 109.12199804100004, -6.847647545999962, 0.0 ], [ 109.122005179000041, -6.847653256999934, 0.0 ], [ 109.122004465000089, -6.847664678999934, 0.0 ], [ 109.121993044000078, -6.847691803999965, 0.0 ], [ 109.121973770000068, -6.847766043999968, 0.0 ], [ 109.121972343000039, -6.84777960699995, 0.0 ], [ 109.121977339000068, -6.84778389, 0.0 ], [ 109.12199391300004, -6.847790012999951, 0.0 ], [ 109.121998526000084, -6.847791952999955, 0.0 ], [ 109.122011604000079, -6.847797451999952, 0.0 ], [ 109.12201802800007, -6.847800307999933, 0.0 ], [ 109.122030877000043, -6.847777464999979, 0.0 ], [ 109.122066569000083, -6.847711077999975, 0.0 ], [ 109.12208253600005, -6.84768410099997, 0.0 ], [ 109.122087271000055, -6.847676099999944, 0.0 ], [ 109.122095837000074, -6.847671816999934, 0.0 ], [ 109.122105830000066, -6.847674671999926, 0.0 ], [ 109.122112969000057, -6.847683951999954, 0.0 ], [ 109.122112969000057, -6.847690376999935, 0.0 ], [ 109.122106544000076, -6.847703225999965, 0.0 ], [ 109.122095465000086, -6.847723697999925, 0.0 ], [ 109.122093861000053, -6.847726661999957, 0.0 ], [ 109.122073708000073, -6.84776390199994, 0.0 ], [ 109.122049437000044, -6.847809587999961, 0.0 ], [ 109.122048009000082, -6.847818153999981, 0.0 ], [ 109.122049956000069, -6.847837231999961, 0.0 ], [ 109.122055148000072, -6.847856700999955, 0.0 ], [ 109.122081560000083, -6.847880257999975, 0.0 ], [ 109.122113683000066, -6.847903813999949, 0.0 ], [ 109.122149964000073, -6.847928576999948, 0.0 ], [ 109.122189087000038, -6.847941945999935, 0.0 ], [ 109.122204273000079, -6.84794713399998, 0.0 ], [ 109.122250923000081, -6.847959457999934, 0.0 ], [ 109.122313339000073, -6.847978112999954, 0.0 ], [ 109.122340941000061, -6.847982871999932, 0.0 ], [ 109.122360928000035, -6.847981919999938, 0.0 ], [ 109.122378060000074, -6.847978112999954, 0.0 ], [ 109.122391385000071, -6.847973353999976, 0.0 ], [ 109.122401855000078, -6.8479657399999, 0.0 ], [ 109.122412325000084, -6.847959076999928, 0.0 ], [ 109.12242755300008, -6.847950510999965, 0.0 ], [ 109.122450396000033, -6.847881982999979, 0.0 ], [ 109.122459099000082, -6.84783338799997, 0.0 ], [ 109.122461817000044, -6.847818212999925, 0.0 ], [ 109.122470384000053, -6.847813453999947, 0.0 ], [ 109.122484660000055, -6.847819164999976, 0.0 ], [ 109.122489419000033, -6.847832489999973, 0.0 ], [ 109.122490371000083, -6.847849621999956, 0.0 ], [ 109.122476094000035, -6.847949559999961, 0.0 ], [ 109.12247207300004, -6.847986901999946, 0.0 ], [ 109.122469432000059, -6.848011425999971, 0.0 ], [ 109.122477046000085, -6.848022846999982, 0.0 ], [ 109.122491683000078, -6.848029286999974, 0.0 ], [ 109.122500841000033, -6.848033316999931, 0.0 ], [ 109.122531298000069, -6.848049496999977, 0.0 ], [ 109.122565562000034, -6.848065676999965, 0.0 ], [ 109.122578887000088, -6.848064724999972, 0.0 ], [ 109.122594116000073, -6.848068532999946, 0.0 ], [ 109.122607441000071, -6.848072339999931, 0.0 ], [ 109.122613151000053, -6.848056158999952, 0.0 ], [ 109.122661692000065, -6.848068532999946, 0.0 ], [ 109.122654078000039, -6.84810089299998, 0.0 ], [ 109.122711185000071, -6.848113265999928, 0.0 ], [ 109.122717848000036, -6.848090423999963, 0.0 ], [ 109.122835678000058, -6.848105037999972, 0.0 ], [ 109.122863946000052, -6.848104081999963, 0.0 ], [ 109.122872512000072, -6.848095515999944, 0.0 ], [ 109.122902805000081, -6.847960463999925, 0.0 ], [ 109.122906777000082, -6.847942753999973, 0.0 ], [ 109.122921053000084, -6.847935615999972, 0.0 ], [ 109.122932475000084, -6.847938470999964, 0.0 ], [ 109.122936758000037, -6.847951319999936, 0.0 ], [ 109.122936758000037, -6.847971307999956, 0.0 ], [ 109.122921053000084, -6.848055540999951, 0.0 ], [ 109.122915343000045, -6.848092659999963, 0.0 ], [ 109.122921053000084, -6.848106936999955, 0.0 ], [ 109.122941041000047, -6.848121213999946, 0.0 ], [ 109.122968167000067, -6.848138345999928, 0.0 ], [ 109.122989582000059, -6.848149766999938, 0.0 ], [ 109.123036695000053, -6.848169754999958, 0.0 ], [ 109.123078098000065, -6.84818688699994, 0.0 ], [ 109.123114548000046, -6.848201020999966, 0.0 ], [ 109.123148054000069, -6.848214012999961, 0.0 ], [ 109.123186601000043, -6.848219723999932, 0.0 ], [ 109.123210872000072, -6.848215439999933, 0.0 ], [ 109.123222293000083, -6.848209729999951, 0.0 ], [ 109.123223001000042, -6.848195576999956, 0.0 ], [ 109.123223721000045, -6.848181175999969, 0.0 ], [ 109.12324394400008, -6.848185974999978, 0.0 ], [ 109.12330795400004, -6.848201163999931, 0.0 ], [ 109.123317948000079, -6.84819545299996, 0.0 ], [ 109.123356495000053, -6.848038408999969, 0.0 ], [ 109.123359298000082, -6.848029998999948, 0.0 ], [ 109.123368261000053, -6.848019440999963, 0.0 ], [ 109.123380219000069, -6.848011056999951, 0.0 ], [ 109.123387905000072, -6.848010135999971, 0.0 ], [ 109.12339651700006, -6.848012900999947, 0.0 ], [ 109.123399849000066, -6.848014327999977, 0.0 ], [ 109.123403721000045, -6.848019644999965, 0.0 ], [ 109.12340443100004, -6.848029763999932, 0.0 ], [ 109.123380524000083, -6.848135716999934, 0.0 ], [ 109.123372199000073, -6.848178320999978, 0.0 ], [ 109.123384623000049, -6.848213136999959, 0.0 ], [ 109.123397495000063, -6.848227564999945, 0.0 ], [ 109.123403039000038, -6.8482337799999, 0.0 ], [ 109.123423676000073, -6.848248447999936, 0.0 ], [ 109.123461721000069, -6.848264317999963, 0.0 ], [ 109.123537777000081, -6.848281973999974, 0.0 ], [ 109.123620663000054, -6.84829859499996, 0.0 ], [ 109.123630464000087, -6.848273713999959, 0.0 ], [ 109.123633036000058, -6.84826718599993, 0.0 ], [ 109.123645183000065, -6.848269375999962, 0.0 ], [ 109.123749153000063, -6.848288124999954, 0.0 ], [ 109.123771045000069, -6.848211981999953, 0.0 ], [ 109.123797694000075, -6.848088249999932, 0.0 ], [ 109.12380435700004, -6.848072069999944, 0.0 ], [ 109.123811959000079, -6.848056363999945, 0.0 ], [ 109.123821489000079, -6.848053033999975, 0.0 ], [ 109.123831959000086, -6.848053985999968, 0.0 ], [ 109.123836718000064, -6.848063503999981, 0.0 ], [ 109.123837669000068, -6.848075876999928, 0.0 ], [ 109.123814827000047, -6.848201512999935, 0.0 ], [ 109.123807377000048, -6.848249076999934, 0.0 ], [ 109.123802453000053, -6.848280510999928, 0.0 ], [ 109.123802453000053, -6.848292883999932, 0.0 ], [ 109.123811019000073, -6.848301449999951, 0.0 ], [ 109.123837669000068, -6.848313822999955, 0.0 ], [ 109.123878596000054, -6.84832619599996, 0.0 ], [ 109.123958815000037, -6.848335132999978, 0.0 ], [ 109.124007558000073, -6.848343677999935, 0.0 ], [ 109.124004835000051, -6.848359413999958, 0.0 ], [ 109.124096206000047, -6.848377497999934, 0.0 ], [ 109.124100013000088, -6.848358461999965, 0.0 ], [ 109.124157120000064, -6.848367979999978, 0.0 ], [ 109.124184722000052, -6.848350847999939, 0.0 ], [ 109.124198999000043, -6.848340377999932, 0.0 ], [ 109.124218986000074, -6.848299450999946, 0.0 ], [ 109.124240877000034, -6.848193802999958, 0.0 ], [ 109.124249443000053, -6.848140502999968, 0.0 ], [ 109.124251676000085, -6.848136594999971, 0.0 ], [ 109.124257057000079, -6.84812717799997, 0.0 ], [ 109.124263720000044, -6.848126226999966, 0.0 ], [ 109.124273238000058, -6.848129081999957, 0.0 ], [ 109.124278187000073, -6.848138694999932, 0.0 ], [ 109.124262483000052, -6.848288600999979, 0.0 ], [ 109.124259040000084, -6.848334743999942, 0.0 ], [ 109.12426935600007, -6.848349402999929, 0.0 ], [ 109.12431962900007, -6.848376837999979, 0.0 ], [ 109.124357947000078, -6.84838511199996, 0.0 ], [ 109.124503072000039, -6.84840987299998, 0.0 ], [ 109.124558773000047, -6.848419375999981, 0.0 ], [ 109.124589230000083, -6.848417472999927, 0.0 ], [ 109.124611121000044, -6.848410809999962, 0.0 ], [ 109.124632060000067, -6.848404147999929, 0.0 ], [ 109.124644434000061, -6.848400339999955, 0.0 ], [ 109.124656807000065, -6.848393677999979, 0.0 ], [ 109.124668228000075, -6.848367979999978, 0.0 ], [ 109.124698685000055, -6.848229018999973, 0.0 ], [ 109.124704396000084, -6.848215693999975, 0.0 ], [ 109.124710396000069, -6.848208145999934, 0.0 ], [ 109.124719625000068, -6.848203320999971, 0.0 ], [ 109.124729142000035, -6.848205224999958, 0.0 ], [ 109.124732950000066, -6.848214742999971, 0.0 ], [ 109.124723432000053, -6.848267090999968, 0.0 ], [ 109.124711053000055, -6.848342018999972, 0.0 ], [ 109.124705348000077, -6.84837654599994, 0.0 ], [ 109.124707251000075, -6.848390822999932, 0.0 ], [ 109.124720576000072, -6.848400339999955, 0.0 ], [ 109.124741516000086, -6.848413664999953, 0.0 ], [ 109.124765310000043, -6.848417472999927, 0.0 ], [ 109.12479576700008, -6.848424134999959, 0.0 ], [ 109.124883490000059, -6.848435873999961, 0.0 ], [ 109.12495606400006, -6.848453719999952, 0.0 ], [ 109.125048863000075, -6.848475134999944, 0.0 ], [ 109.125116677000051, -6.848477513999967, 0.0 ], [ 109.125195200000064, -6.848477513999967, 0.0 ], [ 109.125243978000071, -6.848477513999967, 0.0 ], [ 109.125308224000037, -6.848478703999945, 0.0 ], [ 109.125349864000043, -6.848482272999945, 0.0 ], [ 109.125392695000073, -6.848484652999957, 0.0 ], [ 109.12544147400007, -6.848489411999935, 0.0 ], [ 109.125478355000041, -6.84849060099998, 0.0 ], [ 109.125517616000081, -6.84848703199998, 0.0 ], [ 109.125568775000033, -6.84848703199998, 0.0 ], [ 109.125605657000051, -6.848489411999935, 0.0 ], [ 109.125637779000044, -6.848491790999958, 0.0 ], [ 109.125650637000035, -6.848493933999976, 0.0 ], [ 109.125724679000086, -6.848492261999979, 0.0 ], [ 109.125772268000048, -6.848491071999945, 0.0 ], [ 109.125807960000088, -6.848488692999979, 0.0 ], [ 109.12584841100005, -6.848480364999944, 0.0 ], [ 109.125881724000067, -6.848472036999965, 0.0 ], [ 109.125909087000082, -6.848469656999953, 0.0 ], [ 109.125947159000077, -6.848468466999975, 0.0 ], [ 109.125986420000061, -6.848462518999952, 0.0 ], [ 109.126051855000071, -6.848451810999961, 0.0 ], [ 109.126092306000032, -6.848445862999938, 0.0 ], [ 109.126127998000072, -6.84843396499997, 0.0 ], [ 109.126166069000078, -6.848422067999934, 0.0 ], [ 109.126197002000083, -6.848416118999978, 0.0 ], [ 109.126236263000067, -6.848408980999977, 0.0 ], [ 109.12627195500005, -6.848395893999964, 0.0 ], [ 109.126295750000054, -6.848380426999938, 0.0 ], [ 109.126312406000068, -6.848369719999937, 0.0 ], [ 109.126330252000059, -6.84835663299998, 0.0 ], [ 109.12634452900005, -6.848343545999967, 0.0 ], [ 109.126354047000063, -6.848331647999942, 0.0 ], [ 109.126358551000067, -6.848314754999933, 0.0 ], [ 109.126365250000049, -6.848290304999978, 0.0 ], [ 109.126370057000088, -6.848243443999934, 0.0 ], [ 109.126388901000041, -6.848059722999949, 0.0 ], [ 109.126399293000077, -6.847901905999947, 0.0 ], [ 109.126425386000051, -6.847189809999975, 0.0 ], [ 109.126423482000064, -6.847142219999967, 0.0 ], [ 109.12643797700008, -6.84711378399993, 0.0 ], [ 109.12643965500007, -6.847111952999967, 0.0 ], [ 109.126452036000046, -6.847098437999932, 0.0 ], [ 109.126469168000085, -6.847102244999974, 0.0 ], [ 109.126476782000054, -6.847117473999958, 0.0 ], [ 109.126476782000054, -6.847132701999953, 0.0 ], [ 109.126468521000049, -6.847293921999949, 0.0 ], [ 109.126454544000069, -6.847600903999933, 0.0 ], [ 109.126449190000073, -6.847825759999978, 0.0 ], [ 109.126437211000052, -6.847968398999967, 0.0 ], [ 109.126423953000085, -6.848146200999963, 0.0 ], [ 109.126424969000084, -6.848222926999938, 0.0 ], [ 109.126425880000056, -6.848234165999941, 0.0 ], [ 109.126429901000051, -6.848283766999941, 0.0 ], [ 109.126448336000067, -6.848285609999948, 0.0 ], [ 109.126456075000078, -6.848306371999968, 0.0 ], [ 109.127030715000046, -6.848321837999947, 0.0 ], [ 109.127072006000049, -6.847630949999939, 0.0 ], [ 109.127085298000054, -6.84719763399994, 0.0 ], [ 109.127102430000036, -6.84672364499994, 0.0 ], [ 109.127113851000047, -6.846346738999955, 0.0 ], [ 109.127130278000038, -6.845806333999974, 0.0 ], [ 109.127130560000069, -6.845775065999931, 0.0 ], [ 109.12713156600006, -6.845663707999961, 0.0 ], [ 109.127140261000079, -6.845548177999945, 0.0 ], [ 109.127167049000036, -6.845241448999957, 0.0 ], [ 109.127168380000057, -6.845223353999927, 0.0 ], [ 109.127174044000071, -6.845112910999944, 0.0 ], [ 109.127185371000053, -6.84502512399996, 0.0 ], [ 109.127199530000041, -6.844916096999953, 0.0 ], [ 109.127215106000051, -6.844811317999927, 0.0 ], [ 109.127236345000085, -6.844737689999931, 0.0 ], [ 109.127273159000083, -6.844648485999926, 0.0 ], [ 109.127289949000044, -6.844615430999966, 0.0 ], [ 109.127343955000072, -6.844487069999957, 0.0 ], [ 109.127370858000063, -6.844433264999964, 0.0 ], [ 109.127407672000061, -6.844365299999936, 0.0 ], [ 109.127447318000065, -6.844302998999979, 0.0 ], [ 109.127474221000057, -6.844263352999974, 0.0 ], [ 109.127525824000088, -6.844202289999942, 0.0 ], [ 109.127624653000055, -6.844087591999937, 0.0 ], [ 109.127696148000041, -6.844015613999943, 0.0 ], [ 109.127750327000058, -6.843970255999977, 0.0 ], [ 109.127804133000041, -6.843915033999963, 0.0 ], [ 109.127859354000066, -6.843864060999977, 0.0 ], [ 109.127925903000062, -6.843798927999956, 0.0 ], [ 109.127976876000048, -6.843753617999937, 0.0 ], [ 109.128080239000042, -6.843643175999944, 0.0 ], [ 109.12810997400004, -6.843600697999932, 0.0 ], [ 109.128170859000079, -6.843544060999932, 0.0 ], [ 109.128214752000076, -6.843500166999945, 0.0 ], [ 109.128252983000039, -6.843471847999979, 0.0 ], [ 109.128282810000087, -6.843452758999945, 0.0 ], [ 109.128334089000077, -6.843424654999978, 0.0 ], [ 109.12840873500005, -6.843389723999962, 0.0 ], [ 109.128425726000046, -6.843381228999931, 0.0 ], [ 109.128475366000089, -6.843368058999943, 0.0 ], [ 109.128513092000048, -6.843363767999961, 0.0 ], [ 109.128624978000062, -6.843359813999939, 0.0 ], [ 109.128707496000061, -6.843357157999947, 0.0 ], [ 109.128751390000048, -6.843358573999978, 0.0 ], [ 109.128757563000079, -6.843359631999931, 0.0 ], [ 109.128798679000056, -6.843361598999934, 0.0 ], [ 109.128807602000052, -6.843366357999969, 0.0 ], [ 109.128808792000086, -6.843371116999947, 0.0 ], [ 109.128807972000061, -6.843380238999941, 0.0 ], [ 109.128807007000034, -6.843393126999956, 0.0 ], [ 109.128802843000074, -6.843396100999939, 0.0 ], [ 109.128798084000039, -6.843398479999962, 0.0 ], [ 109.128787377000037, -6.843398479999962, 0.0 ], [ 109.128720725000051, -6.843395038999972, 0.0 ], [ 109.128666050000049, -6.843393013999957, 0.0 ], [ 109.128577242000063, -6.843397158999949, 0.0 ], [ 109.128501246000042, -6.843402644999969, 0.0 ], [ 109.128482964000057, -6.84340545699996, 0.0 ], [ 109.128451723000069, -6.843413624999926, 0.0 ], [ 109.128400518000035, -6.843437356999971, 0.0 ], [ 109.128288381000061, -6.843494502999931, 0.0 ], [ 109.128203425000038, -6.843565298999977, 0.0 ], [ 109.128131213000074, -6.843617688999927, 0.0 ], [ 109.127995283000075, -6.843770608999932, 0.0 ], [ 109.127886257000057, -6.843871139999976, 0.0 ], [ 109.127795637000077, -6.843957511999974, 0.0 ], [ 109.127676699000062, -6.844079281999939, 0.0 ], [ 109.127581832000033, -6.844191140999953, 0.0 ], [ 109.127526025000066, -6.844249562999948, 0.0 ], [ 109.127474648000089, -6.844310385999961, 0.0 ], [ 109.127445343000034, -6.844353513999977, 0.0 ], [ 109.127404891000083, -6.844422908999945, 0.0 ], [ 109.12734253900004, -6.844569193999973, 0.0 ], [ 109.127295782000033, -6.844657311999981, 0.0 ], [ 109.127260913000043, -6.844739500999935, 0.0 ], [ 109.127244341000051, -6.844804869999962, 0.0 ], [ 109.12722775900005, -6.844915663999927, 0.0 ], [ 109.127220621000049, -6.844978481999931, 0.0 ], [ 109.127214910000077, -6.845045582999944, 0.0 ], [ 109.12721205400004, -6.84518406799998, 0.0 ], [ 109.127195491000066, -6.845406787999934, 0.0 ], [ 109.127195283000049, -6.845442822999928, 0.0 ], [ 109.127177301000074, -6.845836361999943, 0.0 ], [ 109.127169055000081, -6.846242041999972, 0.0 ], [ 109.12715382600004, -6.846662730999981, 0.0 ], [ 109.127132887000073, -6.847190019999971, 0.0 ], [ 109.127100526000049, -6.84803330099993, 0.0 ], [ 109.128178422000076, -6.848169881999979, 0.0 ], [ 109.128132878000088, -6.848453663999976, 0.0 ], [ 109.128058303000046, -6.849075219999975, 0.0 ], [ 109.128041204000056, -6.849247015999936, 0.0 ], [ 109.128044625000086, -6.849277505999964, 0.0 ], [ 109.12936484100004, -6.84941994199994, 0.0 ], [ 109.129343421000044, -6.84957407099995, 0.0 ], [ 109.129322004000073, -6.84974533299993, 0.0 ], [ 109.12932199100004, -6.849745439999936, 0.0 ], [ 109.129233495000051, -6.850516397999968, 0.0 ], [ 109.129223280000076, -6.85051578499997, 0.0 ], [ 109.129138316000081, -6.850510686999939, 0.0 ], [ 109.128565342000059, -6.850442158999954, 0.0 ], [ 109.128296939000052, -6.850411701999974, 0.0 ], [ 109.127923840000051, -6.850375533999966, 0.0 ], [ 109.127920521000078, -6.850400539999953, 0.0 ], [ 109.127895286000069, -6.850590636999925, 0.0 ], [ 109.12785911800006, -6.85087236499993, 0.0 ], [ 109.127809625000054, -6.851313992999962, 0.0 ], [ 109.12829122800008, -6.851367292999953, 0.0 ], [ 109.12889085200004, -6.85142249699993, 0.0 ], [ 109.129397202000064, -6.851470085999949, 0.0 ], [ 109.129568685000038, -6.851474939999946, 0.0 ], [ 109.129598980000083, -6.851475796999978, 0.0 ], [ 109.129691027000035, -6.85124951399996, 0.0 ], [ 109.129736037000043, -6.851138864999939, 0.0 ], [ 109.12975212200007, -6.851137476999952, 0.0 ], [ 109.129783626000062, -6.85103036199996, 0.0 ], [ 109.12980837300006, -6.850942797999949, 0.0 ], [ 109.129823601000055, -6.850790511999946, 0.0 ], [ 109.129848695000078, -6.850505030999955, 0.0 ], [ 109.129929230000073, -6.849990168999966, 0.0 ], [ 109.130002829000034, -6.849303855999949, 0.0 ], [ 109.130038704000071, -6.849162960999934, 0.0 ], [ 109.130048964000082, -6.849126482999964, 0.0 ], [ 109.130064403000063, -6.849106233999976, 0.0 ], [ 109.130081535000045, -6.849099571999943, 0.0 ], [ 109.130302349000033, -6.849041512999975, 0.0 ], [ 109.130440357000055, -6.849008200999947, 0.0 ], [ 109.130513645000065, -6.848988212999927, 0.0 ], [ 109.130554175000043, -6.848962752999967, 0.0 ], [ 109.130570682000041, -6.848944148999976, 0.0 ], [ 109.130555365000077, -6.848891368999944, 0.0 ], [ 109.130571587000077, -6.848883051999962, 0.0 ], [ 109.130591057000061, -6.848931819999962, 0.0 ], [ 109.130611282000075, -6.848925870999949, 0.0 ], [ 109.130622688000074, -6.848918266999931, 0.0 ], [ 109.130629128000066, -6.84891397399997, 0.0 ], [ 109.130637539000077, -6.848900209999954, 0.0 ], [ 109.130637744000069, -6.848877356999935, 0.0 ], [ 109.130630318000044, -6.84885210799996, 0.0 ], [ 109.130620800000088, -6.848821174999955, 0.0 ], [ 109.130615582000075, -6.848792471999957, 0.0 ], [ 109.130613662000087, -6.848781913999971, 0.0 ], [ 109.130612472000053, -6.848653422999973, 0.0 ], [ 109.130613532000041, -6.848583821999966, 0.0 ], [ 109.130616041000053, -6.848419045999947, 0.0 ], [ 109.130615531000046, -6.848394311999925, 0.0 ], [ 109.130610058000059, -6.848129083999936, 0.0 ], [ 109.130608154000072, -6.84788352399994, 0.0 ], [ 109.130609754000034, -6.84764678199997, 0.0 ], [ 109.130610058000059, -6.847601794999946, 0.0 ], [ 109.130609113000048, -6.847526820999974, 0.0 ], [ 109.130604347000087, -6.847148745999959, 0.0 ], [ 109.130604347000087, -6.846402546999968, 0.0 ], [ 109.130606251000074, -6.846018025999967, 0.0 ], [ 109.130600540000046, -6.845816247999949, 0.0 ], [ 109.13060456900007, -6.845761614999958, 0.0 ], [ 109.130596955000044, -6.845363769999949, 0.0 ], [ 109.13059836900004, -6.84518701899998, 0.0 ], [ 109.130598858000042, -6.845125822999933, 0.0 ], [ 109.130594733000066, -6.844964546999961, 0.0 ], [ 109.130594377000079, -6.844950608999966, 0.0 ], [ 109.130587437000088, -6.844851708999954, 0.0 ], [ 109.130579823000062, -6.844724169999949, 0.0 ], [ 109.130553173000067, -6.84456236699998, 0.0 ], [ 109.130539848000069, -6.844484320999925, 0.0 ], [ 109.130515831000082, -6.844412270999953, 0.0 ], [ 109.130511294000087, -6.844398659999968, 0.0 ], [ 109.130490355000063, -6.844337745999951, 0.0 ], [ 109.130465608000065, -6.844280638999976, 0.0 ], [ 109.130431344000044, -6.844223531999944, 0.0 ], [ 109.130349491000061, -6.844116931999963, 0.0 ], [ 109.130275252000047, -6.844010331999925, 0.0 ], [ 109.130230078000068, -6.843948594999972, 0.0 ], [ 109.130218145000072, -6.843932285999927, 0.0 ], [ 109.130191938000053, -6.843895596999971, 0.0 ], [ 109.130170555000063, -6.843865660999938, 0.0 ], [ 109.130138195000086, -6.843823781999959, 0.0 ], [ 109.130113448000088, -6.843793324999979, 0.0 ], [ 109.13008870200008, -6.843766674999927, 0.0 ], [ 109.130046823000043, -6.843730506999975, 0.0 ], [ 109.129955452000047, -6.843658171999948, 0.0 ], [ 109.129848852000066, -6.843582028999947, 0.0 ], [ 109.129765095000039, -6.84352111499993, 0.0 ], [ 109.129639460000078, -6.843448778999971, 0.0 ], [ 109.129486793000069, -6.843368733999966, 0.0 ], [ 109.129469661000087, -6.843358264999949, 0.0 ], [ 109.129460143000074, -6.843352553999978, 0.0 ], [ 109.129457288000083, -6.843345890999956, 0.0 ], [ 109.129461095000067, -6.843335421999939, 0.0 ], [ 109.129472517000067, -6.843329710999967, 0.0 ], [ 109.129482986000085, -6.843329710999967, 0.0 ], [ 109.129499960000032, -6.843335104999937, 0.0 ], [ 109.12962131200004, -6.843396969999958, 0.0 ], [ 109.129785495000078, -6.843496907999963, 0.0 ], [ 109.129933022000046, -6.843608742999947, 0.0 ], [ 109.130061513000044, -6.843703920999928, 0.0 ], [ 109.130120999000042, -6.84376102799996, 0.0 ], [ 109.130225695000036, -6.843889518999958, 0.0 ], [ 109.130377981000038, -6.84411556799995, 0.0 ], [ 109.130485057000044, -6.84425833499995, 0.0 ], [ 109.130546923000054, -6.844377307999935, 0.0 ], [ 109.130582615000037, -6.844491522999931, 0.0 ], [ 109.130601650000074, -6.844584321999946, 0.0 ], [ 109.130615927000065, -6.844717570999933, 0.0 ], [ 109.130627824000044, -6.844903168999963, 0.0 ], [ 109.130632583000079, -6.845226775999947, 0.0 ], [ 109.130638611000052, -6.845787693999966, 0.0 ], [ 109.130640515000039, -6.846044675999963, 0.0 ], [ 109.130634804000067, -6.846385414999929, 0.0 ], [ 109.130636708000054, -6.84704785699995, 0.0 ], [ 109.130638611000052, -6.847154456999931, 0.0 ], [ 109.130640515000039, -6.847535169999958, 0.0 ], [ 109.130639836000057, -6.84837026699995, 0.0 ], [ 109.130638646000079, -6.848446409999951, 0.0 ], [ 109.130641025000045, -6.848645094999938, 0.0 ], [ 109.130643132000046, -6.848794669999961, 0.0 ], [ 109.13064606100005, -6.848825990999956, 0.0 ], [ 109.130652086000055, -6.848853099999928, 0.0 ], [ 109.13067737700004, -6.848884070999929, 0.0 ], [ 109.130695460000084, -6.848896443999934, 0.0 ], [ 109.130730676000042, -6.848905009999953, 0.0 ], [ 109.130785880000076, -6.848912624999969, 0.0 ], [ 109.13085916700004, -6.848912624999969, 0.0 ], [ 109.130924841000081, -6.848910720999982, 0.0 ], [ 109.130997176000051, -6.848907865999934, 0.0 ], [ 109.131108589000064, -6.848906835999969, 0.0 ], [ 109.131144921000043, -6.848903948999975, 0.0 ], [ 109.131226556000058, -6.848886925999977, 0.0 ], [ 109.13128271100004, -6.848871697999925, 0.0 ], [ 109.131347433000087, -6.848847902999978, 0.0 ], [ 109.131384552000043, -6.84883362599993, 0.0 ], [ 109.13141786500006, -6.848812686999963, 0.0 ], [ 109.131429057000048, -6.848804106999978, 0.0 ], [ 109.131452129000081, -6.848782229999927, 0.0 ], [ 109.131460695000044, -6.848766049999938, 0.0 ], [ 109.131456888000059, -6.848731785999973, 0.0 ], [ 109.131455552000034, -6.848726220999936, 0.0 ], [ 109.131453088000058, -6.848715951999964, 0.0 ], [ 109.131445467000049, -6.848684195999965, 0.0 ], [ 109.131437852000033, -6.848630895999975, 0.0 ], [ 109.131434997000042, -6.848592824999969, 0.0 ], [ 109.131429286000071, -6.848519537999948, 0.0 ], [ 109.131426431000079, -6.848446249999938, 0.0 ], [ 109.13142016200004, -6.848394880999933, 0.0 ], [ 109.131414451000069, -6.848316357999977, 0.0 ], [ 109.131410168000059, -6.848216420999961, 0.0 ], [ 109.131394464000039, -6.847942306999926, 0.0 ], [ 109.131385898000076, -6.847780979999925, 0.0 ], [ 109.131383250000056, -6.847731454999973, 0.0 ], [ 109.131382478000035, -6.847717026999931, 0.0 ], [ 109.131385898000076, -6.847711023999977, 0.0 ], [ 109.131391608000058, -6.847705312999949, 0.0 ], [ 109.131401602000039, -6.847705312999949, 0.0 ], [ 109.131411596000078, -6.847718161999978, 0.0 ], [ 109.13141302400004, -6.847760991999962, 0.0 ], [ 109.131421590000059, -6.847945161999974, 0.0 ], [ 109.13144832200004, -6.848415792999958, 0.0 ], [ 109.131451177000088, -6.848464333999971, 0.0 ], [ 109.13145974300005, -6.848553801999969, 0.0 ], [ 109.131470213000057, -6.848639461999937, 0.0 ], [ 109.131483538000055, -6.848693713999978, 0.0 ], [ 109.131487345000039, -6.84871063199995, 0.0 ], [ 109.131506434000073, -6.848757974999955, 0.0 ], [ 109.131519706000063, -6.848782229999927, 0.0 ], [ 109.131543500000078, -6.848836481999967, 0.0 ], [ 109.131557778000058, -6.84886893099997, 0.0 ], [ 109.131559319000075, -6.848877626999979, 0.0 ], [ 109.131561021000039, -6.848887232999971, 0.0 ], [ 109.131557730000054, -6.848918445999971, 0.0 ], [ 109.131550591000064, -6.848936291999962, 0.0 ], [ 109.131539884000063, -6.848968414999945, 0.0 ], [ 109.131538694000085, -6.848987450999971, 0.0 ], [ 109.131548212000041, -6.849017193999941, 0.0 ], [ 109.131555350000042, -6.849038608999933, 0.0 ], [ 109.13156071700007, -6.849073026999974, 0.0 ], [ 109.131569283000033, -6.849103007999929, 0.0 ], [ 109.131572138000081, -6.849144410999941, 0.0 ], [ 109.131572138000081, -6.849192951999953, 0.0 ], [ 109.131694918000051, -6.849190095999973, 0.0 ], [ 109.13169206300006, -6.849151548999941, 0.0 ], [ 109.131693491000078, -6.849131561999968, 0.0 ], [ 109.13169920100006, -6.849108718999958, 0.0 ], [ 109.131704912000089, -6.849091586999975, 0.0 ], [ 109.131713478000052, -6.849071598999956, 0.0 ], [ 109.131717761000061, -6.849055894999935, 0.0 ], [ 109.131720617000042, -6.849038762999953, 0.0 ], [ 109.131725482000036, -6.848994588999972, 0.0 ], [ 109.131734999000059, -6.8489481899999, 0.0 ], [ 109.131738569000049, -6.848908927999958, 0.0 ], [ 109.13174570700005, -6.848870856999952, 0.0 ], [ 109.131771881000077, -6.848806611999976, 0.0 ], [ 109.131786158000068, -6.848755452999967, 0.0 ], [ 109.131800045000034, -6.848697920999939, 0.0 ], [ 109.131802814000082, -6.848686448999956, 0.0 ], [ 109.131803848000061, -6.848677878999979, 0.0 ], [ 109.13181114200006, -6.848617443999956, 0.0 ], [ 109.131812103000073, -6.848611435999942, 0.0 ], [ 109.131820660000074, -6.848557957999958, 0.0 ], [ 109.131820660000074, -6.848496091999948, 0.0 ], [ 109.131821850000051, -6.848442553999973, 0.0 ], [ 109.131821311000067, -6.84840156599995, 0.0 ], [ 109.131824004000066, -6.848328255999945, 0.0 ], [ 109.131824004000066, -6.84820928299996, 0.0 ], [ 109.131826859000057, -6.848066514999971, 0.0 ], [ 109.131827811000051, -6.847902807999958, 0.0 ], [ 109.131830667000088, -6.847817146999944, 0.0 ], [ 109.131833522000079, -6.84767342799995, 0.0 ], [ 109.131834474000073, -6.847548743999937, 0.0 ], [ 109.131825908000053, -6.847462131999976, 0.0 ], [ 109.131827811000051, -6.847451661999969, 0.0 ], [ 109.131837329000064, -6.847443095999949, 0.0 ], [ 109.131848751000064, -6.847444047999943, 0.0 ], [ 109.131854461000046, -6.847449758999971, 0.0 ], [ 109.131859220000081, -6.84746593899996, 0.0 ], [ 109.131862075000072, -6.847488781999971, 0.0 ], [ 109.131865597000058, -6.84753113599993, 0.0 ], [ 109.131864169000039, -6.847608230999981, 0.0 ], [ 109.131859886000086, -6.84770816799994, 0.0 ], [ 109.131854176000047, -6.84790090499996, 0.0 ], [ 109.131849893000037, -6.848102206999954, 0.0 ], [ 109.131842075000066, -6.848321201999966, 0.0 ], [ 109.131844455000078, -6.848362841999972, 0.0 ], [ 109.131846834000044, -6.848519886999952, 0.0 ], [ 109.131846834000044, -6.848615064999933, 0.0 ], [ 109.131842434000077, -6.848660206999966, 0.0 ], [ 109.131837316000087, -6.848678120999978, 0.0 ], [ 109.131817091000073, -6.848722140999939, 0.0 ], [ 109.131796865000069, -6.848792334999928, 0.0 ], [ 109.131775450000077, -6.848868477999929, 0.0 ], [ 109.131765224000048, -6.848919578999926, 0.0 ], [ 109.131769400000053, -6.848954859999935, 0.0 ], [ 109.131769321000036, -6.848955950999937, 0.0 ], [ 109.131765932000064, -6.84900291699995, 0.0 ], [ 109.131765932000064, -6.849030280999955, 0.0 ], [ 109.131783540000072, -6.849074300999973, 0.0 ], [ 109.131827322000049, -6.849099046999982, 0.0 ], [ 109.131874912000058, -6.849125696999977, 0.0 ], [ 109.13193463500005, -6.849141569999972, 0.0 ], [ 109.131977646000053, -6.849153000999934, 0.0 ], [ 109.132180203000075, -6.84921013099995, 0.0 ], [ 109.132384534000039, -6.849247226999978, 0.0 ], [ 109.132538723000039, -6.849278635999951, 0.0 ], [ 109.132708616000059, -6.849305761999972, 0.0 ], [ 109.132808554000064, -6.849314327999934, 0.0 ], [ 109.132925623000062, -6.849332887999935, 0.0 ], [ 109.133005573000048, -6.849344308999946, 0.0 ], [ 109.13307410200008, -6.849350019999974, 0.0 ], [ 109.133171184000048, -6.849348591999956, 0.0 ], [ 109.133245423000062, -6.849350019999974, 0.0 ], [ 109.13335107100005, -6.849341453999955, 0.0 ], [ 109.133486700000049, -6.849324321999973, 0.0 ], [ 109.133596631000046, -6.849307189999934, 0.0 ], [ 109.133743682000045, -6.84927578099996, 0.0 ], [ 109.133843619000061, -6.849245799999949, 0.0 ], [ 109.133963544000039, -6.849208679999947, 0.0 ], [ 109.134106312000085, -6.849170132999973, 0.0 ], [ 109.134216243000083, -6.849135868999952, 0.0 ], [ 109.134316180000042, -6.849108742999931, 0.0 ], [ 109.134380426000064, -6.849091610999949, 0.0 ], [ 109.134416118000047, -6.84907876099993, 0.0 ], [ 109.134457591000057, -6.849057652999932, 0.0 ], [ 109.13449348100005, -6.849049432999948, 0.0 ], [ 109.134655967000072, -6.849044496999966, 0.0 ], [ 109.134810156000071, -6.849041641999975, 0.0 ], [ 109.135055717000057, -6.849028792999945, 0.0 ], [ 109.135107113000061, -6.849018798999964, 0.0 ], [ 109.135154226000054, -6.849008804999926, 0.0 ], [ 109.135187063000046, -6.848995955999953, 0.0 ], [ 109.135214189000067, -6.848988817999953, 0.0 ], [ 109.13524559800004, -6.848981678999962, 0.0 ], [ 109.135321265000073, -6.84896454699998, 0.0 ], [ 109.135395504000087, -6.848947414999941, 0.0 ], [ 109.135464032000073, -6.848930282999959, 0.0 ], [ 109.135521139000048, -6.848918861999948, 0.0 ], [ 109.13555397600004, -6.848913150999977, 0.0 ], [ 109.135595378000062, -6.848906012999976, 0.0 ], [ 109.135632498000064, -6.848896018999937, 0.0 ], [ 109.135658196000065, -6.848888880999937, 0.0 ], [ 109.135682467000038, -6.848878886999955, 0.0 ], [ 109.135835228000076, -6.848831772999972, 0.0 ], [ 109.135930882000082, -6.848791798999969, 0.0 ], [ 109.136073650000071, -6.848731835999956, 0.0 ], [ 109.136176443000068, -6.848674728999981, 0.0 ], [ 109.136239261000071, -6.848643319999951, 0.0 ], [ 109.136323494000067, -6.848581929999966, 0.0 ], [ 109.136344909000059, -6.848549092999974, 0.0 ], [ 109.13636775100008, -6.848529105999944, 0.0 ], [ 109.136410582000053, -6.848496268999952, 0.0 ], [ 109.136443418000056, -6.848480564999932, 0.0 ], [ 109.136531934000061, -6.848437734999948, 0.0 ], [ 109.136601890000065, -6.848406325999974, 0.0 ], [ 109.136666136000088, -6.848374916999944, 0.0 ], [ 109.136688979000041, -6.84834065299998, 0.0 ], [ 109.13669468900008, -6.84832066499996, 0.0 ], [ 109.136707539000042, -6.84830924399995, 0.0 ], [ 109.136730381000064, -6.848294966999958, 0.0 ], [ 109.136750369000083, -6.848284972999977, 0.0 ], [ 109.136774639000066, -6.848273551999966, 0.0 ], [ 109.136775020000073, -6.848271900999976, 0.0 ], [ 109.137298676000057, -6.849370132999979, 0.0 ], [ 109.13825999900007, -6.852212, 0.0 ], [ 109.138609999000039, -6.853359, 0.0 ], [ 109.138909, -6.854456, 0.0 ], [ 109.139161, -6.854933000999949, 0.0 ], [ 109.139207, -6.855073, 0.0 ], [ 109.13905599900005, -6.855069000999947, 0.0 ], [ 109.138950431000069, -6.855067563999967, 0.0 ], [ 109.138909080000076, -6.855067000999952, 0.0 ], [ 109.138908439000033, -6.855066712999928, 0.0 ], [ 109.138714853000067, -6.855110582999941, 0.0 ], [ 109.138548291000063, -6.855217658999948, 0.0 ], [ 109.138369831000034, -6.855408015999956, 0.0 ], [ 109.138322242000072, -6.85564001299997, 0.0 ], [ 109.138227063000045, -6.856264621999969, 0.0 ], [ 109.138137834000077, -6.856544207999946, 0.0 ], [ 109.137919, -6.857080000999929, 0.0 ], [ 109.137846999000033, -6.85759, 0.0 ], [ 109.137836, -6.857995000999949, 0.0 ], [ 109.137638073000062, -6.859962573999951, 0.0 ], [ 109.137638, -6.859963, 0.0 ], [ 109.136681999000075, -6.859769000999961, 0.0 ], [ 109.136284, -6.859712000999934, 0.0 ], [ 109.136274154000034, -6.859710589999963, 0.0 ], [ 109.134807015000035, -6.859438929999953, 0.0 ], [ 109.134807051000053, -6.859439010999949, 0.0 ], [ 109.134807, -6.859439000999942, 0.0 ], [ 109.134104334000085, -6.863540486999966, 0.0 ], [ 109.134104, -6.863542, 0.0 ], [ 109.134102001000088, -6.86355200099996, 0.0 ], [ 109.134065305000036, -6.86368655299998, 0.0 ], [ 109.133924623000041, -6.864448056999947, 0.0 ], [ 109.133575688000064, -6.866336823999973, 0.0 ], [ 109.133565937000071, -6.866402751999942, 0.0 ], [ 109.134608141000058, -6.866545518999942, 0.0 ], [ 109.135807390000082, -6.866666872999929, 0.0 ], [ 109.136435567000035, -6.866745393999963, 0.0 ], [ 109.136538819000066, -6.866745393999963, 0.0 ], [ 109.136534, -6.86679000099997, 0.0 ], [ 109.136461999000062, -6.867381, 0.0 ], [ 109.136434, -6.868248000999927, 0.0 ], [ 109.13642, -6.868655000999979, 0.0 ], [ 109.136402, -6.8692, 0.0 ], [ 109.136387, -6.870051, 0.0 ], [ 109.13638, -6.870308, 0.0 ], [ 109.136379996000073, -6.870308139999963, 0.0 ], [ 109.134792651000055, -6.870048886999939, 0.0 ], [ 109.134538836000047, -6.870024119999925, 0.0 ], [ 109.133663562000038, -6.869930188999945, 0.0 ], [ 109.132885290000047, -6.869813670999974, 0.0 ], [ 109.132775063000054, -6.869797166999945, 0.0 ], [ 109.132657180000081, -6.870560831999967, 0.0 ], [ 109.132809466000083, -6.870575108999958, 0.0 ], [ 109.132804707000048, -6.870627456999955, 0.0 ], [ 109.133019216000037, -6.870653278999953, 0.0 ], [ 109.13302212900004, -6.87077855299998, 0.0 ], [ 109.133117308000067, -6.871099779999952, 0.0 ], [ 109.133246014000065, -6.871419647999971, 0.0 ], [ 109.133248605000063, -6.871429984999963, 0.0 ], [ 109.133252, -6.871443, 0.0 ], [ 109.133415, -6.871854, 0.0 ], [ 109.133510114000046, -6.872093570999937, 0.0 ], [ 109.133894999000063, -6.873063, 0.0 ], [ 109.133876999000051, -6.873459000999958, 0.0 ], [ 109.133835, -6.874238000999981, 0.0 ], [ 109.133034027000065, -6.874168094999959, 0.0 ], [ 109.132429644000069, -6.874134782999931, 0.0 ], [ 109.132016633000035, -6.874114302999942, 0.0 ], [ 109.132011858000055, -6.874114066999937, 0.0 ], [ 109.131853815000056, -6.874106228999949, 0.0 ], [ 109.13129702100008, -6.874063398999965, 0.0 ], [ 109.131268467000041, -6.873354319999976, 0.0 ], [ 109.130805045000045, -6.873273135999966, 0.0 ], [ 109.130803229000037, -6.873294594999948, 0.0 ], [ 109.130401913000071, -6.873198579999951, 0.0 ], [ 109.130401056000039, -6.873210963999952, 0.0 ], [ 109.130226263000054, -6.873187756999926, 0.0 ], [ 109.129959763000045, -6.873111614999971, 0.0 ], [ 109.129959763000045, -6.873006918999977, 0.0 ], [ 109.129978798000081, -6.872859391999953, 0.0 ], [ 109.12996452200008, -6.872726141999976, 0.0 ], [ 109.129912174000083, -6.872673793999979, 0.0 ], [ 109.129869646000088, -6.872669105999933, 0.0 ], [ 109.128703408000035, -6.872540544999936, 0.0 ], [ 109.128502310000044, -6.87251660499993, 0.0 ], [ 109.128502069000035, -6.872516574999963, 0.0 ], [ 109.127903909000054, -6.872445365999965, 0.0 ], [ 109.127761142000054, -6.873159203999933, 0.0 ], [ 109.127689830000065, -6.87366497599993, 0.0 ], [ 109.127689811000039, -6.873665111999969, 0.0 ], [ 109.127394465000066, -6.873607577999962, 0.0 ], [ 109.127363105000086, -6.873601488999952, 0.0 ], [ 109.127303095000059, -6.873978927999929, 0.0 ], [ 109.12729973900008, -6.873997667999959, 0.0 ], [ 109.127643153000065, -6.874039215999971, 0.0 ], [ 109.127607001000058, -6.874328, 0.0 ], [ 109.127605, -6.874345, 0.0 ], [ 109.127603, -6.874354000999972, 0.0 ], [ 109.127586439000083, -6.874449522999953, 0.0 ], [ 109.127491, -6.875000000999933, 0.0 ], [ 109.127459, -6.875181, 0.0 ], [ 109.127445, -6.875263, 0.0 ], [ 109.127331, -6.876043, 0.0 ], [ 109.127307, -6.876251000999957, 0.0 ], [ 109.127304999000046, -6.876264000999981, 0.0 ], [ 109.127242999000089, -6.876568, 0.0 ], [ 109.127233021000052, -6.876628871999969, 0.0 ], [ 109.127233, -6.876629, 0.0 ], [ 109.127036, -6.877750000999981, 0.0 ], [ 109.12697, -6.878175, 0.0 ], [ 109.126952, -6.878291, 0.0 ], [ 109.126897, -6.878647000999933, 0.0 ], [ 109.126894818000039, -6.878662571999939, 0.0 ], [ 109.126823, -6.879174998999929, 0.0 ], [ 109.126783, -6.879461, 0.0 ], [ 109.126705, -6.880128000999946, 0.0 ], [ 109.126527, -6.881308, 0.0 ], [ 109.126512001000037, -6.881400000999975, 0.0 ], [ 109.126434, -6.881799, 0.0 ], [ 109.126428, -6.881837, 0.0 ], [ 109.126342001000069, -6.882339, 0.0 ], [ 109.126326814000038, -6.882614000999979, 0.0 ], [ 109.126305895000087, -6.882992798999965, 0.0 ], [ 109.126993792000064, -6.883239280999931, 0.0 ], [ 109.126952268000082, -6.883362168999952, 0.0 ], [ 109.126930204000075, -6.883427464999954, 0.0 ], [ 109.126871737000045, -6.883600494999939, 0.0 ], [ 109.126855094000064, -6.883649748999972, 0.0 ], [ 109.12676553700004, -6.884106420999956, 0.0 ], [ 109.12674690700004, -6.884104527999966, 0.0 ], [ 109.126317416000063, -6.884060903999966, 0.0 ], [ 109.126169540000035, -6.884031575999927, 0.0 ], [ 109.125769790000049, -6.883995883999944, 0.0 ], [ 109.125766928000075, -6.883926107999969, 0.0 ], [ 109.125642465000055, -6.883911036999962, 0.0 ], [ 109.125223682000069, -6.883860325999933, 0.0 ], [ 109.125214135000078, -6.883938766999961, 0.0 ], [ 109.125027873000079, -6.883880464999947, 0.0 ], [ 109.124997996000047, -6.883871112999941, 0.0 ], [ 109.125003366000044, -6.883804750999957, 0.0 ], [ 109.124937173000035, -6.88379322399993, 0.0 ], [ 109.124856526000087, -6.883779179999976, 0.0 ], [ 109.124864731000059, -6.883737852999957, 0.0 ], [ 109.124716489000036, -6.883708951999949, 0.0 ], [ 109.124702168000056, -6.88353564199997, 0.0 ], [ 109.124652203000039, -6.883524617999967, 0.0 ], [ 109.124656642000048, -6.883448332999933, 0.0 ], [ 109.124668291000035, -6.883248142999946, 0.0 ], [ 109.124213309000083, -6.883226367999953, 0.0 ], [ 109.124663959000088, -6.881380176999926, 0.0 ], [ 109.124668669000073, -6.881379871999968, 0.0 ], [ 109.124665297000035, -6.881374811999933, 0.0 ], [ 109.124742697000045, -6.881064530999936, 0.0 ], [ 109.124919344000034, -6.881097345999933, 0.0 ], [ 109.125093698000057, -6.881129732999966, 0.0 ], [ 109.125176233000047, -6.880892482999968, 0.0 ], [ 109.125207973000045, -6.880801394999935, 0.0 ], [ 109.125038363000044, -6.880764288999956, 0.0 ], [ 109.124963940000043, -6.880748044999962, 0.0 ], [ 109.124961159000065, -6.880747437999958, 0.0 ], [ 109.124906228000043, -6.880735448999928, 0.0 ], [ 109.124905263000073, -6.880735237999943, 0.0 ], [ 109.124839843000075, -6.880720959999962, 0.0 ], [ 109.124833370000033, -6.880719663999969, 0.0 ], [ 109.124824604000082, -6.880717905999973, 0.0 ], [ 109.124641308000037, -6.880681176999929, 0.0 ], [ 109.124676243000067, -6.88059577699994, 0.0 ], [ 109.124681701000043, -6.880582434999951, 0.0 ], [ 109.124709374000076, -6.880514786999981, 0.0 ], [ 109.124747289000084, -6.880346505999967, 0.0 ], [ 109.12499112100005, -6.880414296999959, 0.0 ], [ 109.124992504000033, -6.88041468199998, 0.0 ], [ 109.125006014000064, -6.880418437999936, 0.0 ], [ 109.125295904000041, -6.879329214999927, 0.0 ], [ 109.125135520000072, -6.879268630999945, 0.0 ], [ 109.125001853000072, -6.879218138999931, 0.0 ], [ 109.125025465000078, -6.879078168999968, 0.0 ], [ 109.125016217000052, -6.878745526999978, 0.0 ], [ 109.125006064000047, -6.878731562999974, 0.0 ], [ 109.125037902000088, -6.878168696999978, 0.0 ], [ 109.125119195000082, -6.877631928999961, 0.0 ], [ 109.125152722000053, -6.877410543999929, 0.0 ], [ 109.125174491000053, -6.87726680399993, 0.0 ], [ 109.125518421000038, -6.87732488599994, 0.0 ], [ 109.125689528000066, -6.876667792999967, 0.0 ], [ 109.125533515000086, -6.876642360999938, 0.0 ], [ 109.125548722000076, -6.876383570999963, 0.0 ], [ 109.125508514000046, -6.876369151999938, 0.0 ], [ 109.125277358000062, -6.876286259999972, 0.0 ], [ 109.125275547000058, -6.876268842999934, 0.0 ], [ 109.125050148000071, -6.876280059999942, 0.0 ], [ 109.124968817000081, -6.876284106999947, 0.0 ], [ 109.124949955000034, -6.876382074999981, 0.0 ], [ 109.124897215000033, -6.876375225999936, 0.0 ], [ 109.124804998000059, -6.876786453999955, 0.0 ], [ 109.124760382000034, -6.877063065999948, 0.0 ], [ 109.124709820000078, -6.877280191999944, 0.0 ], [ 109.124712159000069, -6.877293054999939, 0.0 ], [ 109.124713556000074, -6.877300738999963, 0.0 ], [ 109.124655388000065, -6.877487379999934, 0.0 ], [ 109.12454155000006, -6.877909945999932, 0.0 ], [ 109.124532643000066, -6.877907741999934, 0.0 ], [ 109.124531455000067, -6.877905702999954, 0.0 ], [ 109.124530193000055, -6.877903536999952, 0.0 ], [ 109.122786103000067, -6.877468085999965, 0.0 ], [ 109.122707225000056, -6.877448391999962, 0.0 ], [ 109.122707545000083, -6.877446402999965, 0.0 ], [ 109.12270754900004, -6.877446376999956, 0.0 ], [ 109.122533460000056, -6.877398272999926, 0.0 ], [ 109.122573541000065, -6.877282542999978, 0.0 ], [ 109.122586750000039, -6.877197663999937, 0.0 ], [ 109.122607884000047, -6.877061866999952, 0.0 ], [ 109.122550459000081, -6.877048194999929, 0.0 ], [ 109.122556408000037, -6.876985733999959, 0.0 ], [ 109.122407691000035, -6.876947067999936, 0.0 ], [ 109.12241958900006, -6.876896503999944, 0.0 ], [ 109.122318362000044, -6.876873212999953, 0.0 ], [ 109.122255525000071, -6.876858754999944, 0.0 ], [ 109.122132053000087, -6.876830346999952, 0.0 ], [ 109.122120361000043, -6.87688309899994, 0.0 ], [ 109.122115258000065, -6.876910793999969, 0.0 ], [ 109.122217334000084, -6.876932196999974, 0.0 ], [ 109.122196514000052, -6.877069014999961, 0.0 ], [ 109.122172677000037, -6.877195185999938, 0.0 ], [ 109.122172662000082, -6.877195259999951, 0.0 ], [ 109.122164403000056, -6.877238979999959, 0.0 ], [ 109.122262069000044, -6.877262233999943, 0.0 ], [ 109.122125992000065, -6.87806493599993, 0.0 ], [ 109.122041538000076, -6.878015799999957, 0.0 ], [ 109.121937358000082, -6.878015389999973, 0.0 ], [ 109.12183275600006, -6.878122351999934, 0.0 ], [ 109.121579292000035, -6.87800097, 0.0 ], [ 109.121191692000082, -6.878046627999936, 0.0 ], [ 109.120998988000053, -6.877998432999959, 0.0 ], [ 109.120977040000071, -6.878068388999964, 0.0 ], [ 109.120715300000086, -6.878008901999976, 0.0 ], [ 109.120570473000043, -6.87789126399997, 0.0 ], [ 109.120212029000072, -6.877714211999944, 0.0 ], [ 109.119838766000044, -6.877664773999925, 0.0 ], [ 109.119560369000055, -6.877651923999963, 0.0 ], [ 109.119508026000062, -6.877634476999958, 0.0 ], [ 109.119507812000052, -6.877636041999949, 0.0 ], [ 109.119501153000044, -6.877684798999951, 0.0 ], [ 109.119188634000068, -6.877666416999944, 0.0 ], [ 109.119177547000049, -6.877665764999961, 0.0 ], [ 109.11889201200006, -6.877784736999956, 0.0 ], [ 109.11876828000004, -6.87776570099993, 0.0 ], [ 109.118416119000074, -6.877746664999961, 0.0 ], [ 109.117602344000034, -6.87722794299998, 0.0 ], [ 109.117659451000065, -6.877123246999929, 0.0 ], [ 109.116983684000047, -6.876818675999971, 0.0 ], [ 109.116617247000079, -6.876718737999965, 0.0 ], [ 109.116384060000087, -6.876614042999961, 0.0 ], [ 109.116153796000049, -6.87652637399998, 0.0 ], [ 109.115969789000076, -6.876453886999968, 0.0 ], [ 109.115969353000082, -6.876453714999968, 0.0 ], [ 109.115966936000063, -6.876452763999964, 0.0 ], [ 109.115839707000077, -6.876402642999949, 0.0 ], [ 109.115472844000067, -6.876307446999931, 0.0 ], [ 109.115427001000057, -6.876468311999929, 0.0 ], [ 109.115426978000073, -6.876468392999925, 0.0 ], [ 109.115196596000033, -6.876440024999965, 0.0 ], [ 109.115163786000039, -6.876604073999943, 0.0 ], [ 109.115162830000088, -6.876608850999958, 0.0 ], [ 109.115162556000087, -6.876608852999937, 0.0 ], [ 109.114672350000035, -6.876611467999965, 0.0 ], [ 109.114729799000088, -6.876781261999952, 0.0 ], [ 109.114729948000047, -6.876781699999981, 0.0 ], [ 109.114728060000061, -6.876781850999976, 0.0 ], [ 109.114576, -6.876794000999951, 0.0 ], [ 109.114686434000077, -6.876930762999962, 0.0 ], [ 109.114763534000076, -6.877115790999937, 0.0 ], [ 109.114877748000083, -6.87751554099998, 0.0 ], [ 109.114987202000066, -6.877801076999958, 0.0 ], [ 109.115073244000087, -6.878079576999937, 0.0 ], [ 109.114046840000071, -6.87836952899994, 0.0 ], [ 109.113975457000038, -6.878386026999976, 0.0 ], [ 109.113454553000054, -6.878477933999932, 0.0 ], [ 109.113462073000051, -6.878561402999935, 0.0 ], [ 109.113462096000035, -6.878561657999967, 0.0 ], [ 109.11346205500007, -6.878561666999929, 0.0 ], [ 109.112670217000073, -6.878732158999981, 0.0 ], [ 109.112670177000041, -6.878731884999979, 0.0 ], [ 109.112081300000057, -6.874700161999954, 0.0 ], [ 109.112010301000055, -6.873569801999963, 0.0 ], [ 109.111992999000051, -6.873498000999973, 0.0 ], [ 109.111868274000074, -6.87319380699995, 0.0 ], [ 109.112499, -6.872833000999947, 0.0 ], [ 109.112905001000058, -6.872619, 0.0 ], [ 109.113413999000045, -6.872339, 0.0 ], [ 109.113474, -6.8723, 0.0 ], [ 109.113811, -6.872087, 0.0 ], [ 109.114456, -6.87173, 0.0 ], [ 109.115639550000083, -6.871109212999954, 0.0 ], [ 109.115632833000063, -6.870568206999963, 0.0 ], [ 109.115629460000036, -6.870393625999952, 0.0 ], [ 109.115628, -6.870391, 0.0 ], [ 109.115441, -6.869998, 0.0 ], [ 109.115223, -6.869653, 0.0 ], [ 109.114989, -6.869323000999941, 0.0 ], [ 109.114723, -6.869009, 0.0 ], [ 109.114458, -6.86871, 0.0 ], [ 109.114020999000047, -6.868175998999959, 0.0 ], [ 109.11363, -6.867767000999947, 0.0 ], [ 109.113395999000033, -6.8675, 0.0 ], [ 109.113255999000046, -6.867249, 0.0 ], [ 109.113225, -6.867044998999972, 0.0 ], [ 109.113242, -6.866810000999976, 0.0 ], [ 109.11329, -6.866576000999942, 0.0 ], [ 109.113307, -6.866247000999977, 0.0 ], [ 109.11334, -6.865760998999974, 0.0 ], [ 109.113372999000035, -6.865354, 0.0 ], [ 109.113469001000055, -6.86501, 0.0 ], [ 109.113596, -6.86465, 0.0 ], [ 109.113832, -6.864338, 0.0 ], [ 109.1141, -6.864120000999947, 0.0 ], [ 109.114414, -6.86404300099997, 0.0 ], [ 109.114928016000079, -6.86399826, 0.0 ], [ 109.114931, -6.863998, 0.0 ], [ 109.115213, -6.864077000999941, 0.0 ], [ 109.115527, -6.864188, 0.0 ], [ 109.115839, -6.864424000999975, 0.0 ], [ 109.116168, -6.864676000999964, 0.0 ], [ 109.116511999000068, -6.864881000999958, 0.0 ], [ 109.11670511300008, -6.864985642999955, 0.0 ], [ 109.116713179000044, -6.864990014999933, 0.0 ], [ 109.116715, -6.864991000999964, 0.0 ], [ 109.117029, -6.86504, 0.0 ], [ 109.117239, -6.865014000999963, 0.0 ], [ 109.117276999000069, -6.864771, 0.0 ], [ 109.11773, -6.862576, 0.0 ], [ 109.118005, -6.860804000999963, 0.0 ], [ 109.118048, -6.860433, 0.0 ], [ 109.118123, -6.860047, 0.0 ], [ 109.118251, -6.859603, 0.0 ], [ 109.118162, -6.859587000999966, 0.0 ], [ 109.118091999000058, -6.859575000999939, 0.0 ], [ 109.117697, -6.859579, 0.0 ], [ 109.11718, -6.859541, 0.0 ], [ 109.115879, -6.859419, 0.0 ], [ 109.115305, -6.859349, 0.0 ], [ 109.113075, -6.858974, 0.0 ], [ 109.111915999000075, -6.858897, 0.0 ], [ 109.11052999900005, -6.858728, 0.0 ], [ 109.109211, -6.858545, 0.0 ], [ 109.108702, -6.858544000999927, 0.0 ], [ 109.108650019000038, -6.858546941999975, 0.0 ], [ 109.108649, -6.858547, 0.0 ], [ 109.108632, -6.858323, 0.0 ], [ 109.108257, -6.858255, 0.0 ], [ 109.107928, -6.858206, 0.0 ], [ 109.107614, -6.858158, 0.0 ], [ 109.107403, -6.858038, 0.0 ], [ 109.107266, -6.858089000999939, 0.0 ], [ 109.106987, -6.85808, 0.0 ], [ 109.106058001000065, -6.857855, 0.0 ], [ 109.105635, -6.857748, 0.0 ], [ 109.105200999000033, -6.857648, 0.0 ], [ 109.104621, -6.857536, 0.0 ], [ 109.10412, -6.857408, 0.0 ], [ 109.103649999000083, -6.857328, 0.0 ], [ 109.103425, -6.857317, 0.0 ], [ 109.103289001000064, -6.857311000999971, 0.0 ], [ 109.103054, -6.857295000999954, 0.0 ], [ 109.102709, -6.857168, 0.0 ], [ 109.102506, -6.857026, 0.0 ], [ 109.102278, -6.856767, 0.0 ], [ 109.100627, -6.856724000999975, 0.0 ], [ 109.100504, -6.856652000999929, 0.0 ], [ 109.100263, -6.856609000999981, 0.0 ], [ 109.100207, -6.858013000999961, 0.0 ], [ 109.100203, -6.859337, 0.0 ], [ 109.100037999000051, -6.859379000999979, 0.0 ], [ 109.09968199900004, -6.859382000999972, 0.0 ], [ 109.098864001000038, -6.859283000999937, 0.0 ], [ 109.09835600100007, -6.859107000999927, 0.0 ], [ 109.098272746000077, -6.859243733999961, 0.0 ], [ 109.098205, -6.859355, 0.0 ], [ 109.098135966000086, -6.859643665999954, 0.0 ], [ 109.098052808000034, -6.859991390999937, 0.0 ], [ 109.098041390000049, -6.860039133999976, 0.0 ], [ 109.097995769000079, -6.860229898999933, 0.0 ], [ 109.097980332000077, -6.86029444899998, 0.0 ], [ 109.097930557000041, -6.86050258399996, 0.0 ], [ 109.097924, -6.860530000999972, 0.0 ], [ 109.097922450000056, -6.860536709999963, 0.0 ], [ 109.097877898000036, -6.860729583999955, 0.0 ], [ 109.097861421000061, -6.860800912999935, 0.0 ], [ 109.097816277000049, -6.860996346999968, 0.0 ], [ 109.097797380000088, -6.861078150999958, 0.0 ], [ 109.097767140000087, -6.861209064999969, 0.0 ], [ 109.097698067000067, -6.861508091999951, 0.0 ], [ 109.097687, -6.861556, 0.0 ], [ 109.097529, -6.862034000999927, 0.0 ], [ 109.097313721000035, -6.862391328999934, 0.0 ], [ 109.097199, -6.862581746999979, 0.0 ], [ 109.097041, -6.862844, 0.0 ], [ 109.09701294000007, -6.862877848999972, 0.0 ], [ 109.096785666000073, -6.863152009999965, 0.0 ], [ 109.096692, -6.863265, 0.0 ], [ 109.096571999000048, -6.863418000999957, 0.0 ], [ 109.096534, -6.863453000999925, 0.0 ], [ 109.096242, -6.863615, 0.0 ], [ 109.095894, -6.863690998999971, 0.0 ], [ 109.095767346000059, -6.863704355999971, 0.0 ], [ 109.095551211000043, -6.863727150999978, 0.0 ], [ 109.095300393000059, -6.863753601999974, 0.0 ], [ 109.095088, -6.863776, 0.0 ], [ 109.095047, -6.863787000999935, 0.0 ], [ 109.094924338000055, -6.863807336999969, 0.0 ], [ 109.094924305000063, -6.863807342999962, 0.0 ], [ 109.094924264000042, -6.863807349999945, 0.0 ], [ 109.094479999000043, -6.863881000999982, 0.0 ], [ 109.09403, -6.86382, 0.0 ], [ 109.093725, -6.863798, 0.0 ], [ 109.093314, -6.863852, 0.0 ], [ 109.092720001000089, -6.863995, 0.0 ], [ 109.092297, -6.864028, 0.0 ], [ 109.091974, -6.863981000999956, 0.0 ], [ 109.091936001000079, -6.863958, 0.0 ], [ 109.09189, -6.86393, 0.0 ], [ 109.091835, -6.863922000999935, 0.0 ], [ 109.091155, -6.863817, 0.0 ], [ 109.090566, -6.86376900099998, 0.0 ], [ 109.090562823000084, -6.86376889099995, 0.0 ], [ 109.089983, -6.863749000999974, 0.0 ], [ 109.089773, -6.863672000999941, 0.0 ], [ 109.089622, -6.863538, 0.0 ], [ 109.08938022500007, -6.863322742999969, 0.0 ], [ 109.089334759000053, -6.863282261999927, 0.0 ], [ 109.089157, -6.86312400099996, 0.0 ], [ 109.088998999000069, -6.863085000999945, 0.0 ], [ 109.088747, -6.862996, 0.0 ], [ 109.088487001000033, -6.862817, 0.0 ], [ 109.08806839600004, -6.862497437999934, 0.0 ], [ 109.087405, -6.861991, 0.0 ], [ 109.08737700100005, -6.861985, 0.0 ], [ 109.087116, -6.861887, 0.0 ], [ 109.087092731000041, -6.861874625999974, 0.0 ], [ 109.087009539000064, -6.861830384999962, 0.0 ], [ 109.086596999000051, -6.861611, 0.0 ], [ 109.086388, -6.861554, 0.0 ], [ 109.086374856000077, -6.861553099999981, 0.0 ], [ 109.086052, -6.861531, 0.0 ], [ 109.08563, -6.861474, 0.0 ], [ 109.085584918000052, -6.861428476999947, 0.0 ], [ 109.085527999000078, -6.861371000999952, 0.0 ], [ 109.085402539000086, -6.861161078999942, 0.0 ], [ 109.085375, -6.861115000999973, 0.0 ], [ 109.085086, -6.860655, 0.0 ], [ 109.084958001000075, -6.860671, 0.0 ], [ 109.084763345000056, -6.860725683999931, 0.0 ], [ 109.08457, -6.86078, 0.0 ], [ 109.084307, -6.860827, 0.0 ], [ 109.084119999000052, -6.860788, 0.0 ], [ 109.084008, -6.860699, 0.0 ], [ 109.083979, -6.860578, 0.0 ], [ 109.084041999000078, -6.860348, 0.0 ], [ 109.084199999000077, -6.86005800099997, 0.0 ], [ 109.084278, -6.859853, 0.0 ], [ 109.084236, -6.859731000999943, 0.0 ], [ 109.084148, -6.859661, 0.0 ], [ 109.083935, -6.859615998999971, 0.0 ], [ 109.083807182000044, -6.859593365999956, 0.0 ], [ 109.083359001000076, -6.859514, 0.0 ], [ 109.083062001000087, -6.859354, 0.0 ], [ 109.08296, -6.859334, 0.0 ], [ 109.082481999000038, -6.859516000999974, 0.0 ], [ 109.082273, -6.859594000999948, 0.0 ], [ 109.082074999000042, -6.859596000999943, 0.0 ], [ 109.081881999000075, -6.859536000999981, 0.0 ], [ 109.081735, -6.859427, 0.0 ], [ 109.081716, -6.859355, 0.0 ], [ 109.081641, -6.859334, 0.0 ], [ 109.081606837000038, -6.859359147999953, 0.0 ], [ 109.081584856000063, -6.859375327999942, 0.0 ], [ 109.081583184000067, -6.859376558999941, 0.0 ], [ 109.081626919000087, -6.859294831999932, 0.0 ], [ 109.08190055700004, -6.858910068999933, 0.0 ], [ 109.082213225000089, -6.858540311999946, 0.0 ], [ 109.082465082000056, -6.858315705999928, 0.0 ], [ 109.082802484000069, -6.858036291999952, 0.0 ], [ 109.083158051000055, -6.857780634999926, 0.0 ], [ 109.083862790000069, -6.857368744999974, 0.0 ], [ 109.084179920000054, -6.857176877999962, 0.0 ], [ 109.084450322000066, -6.856949709999981, 0.0 ], [ 109.084768059000055, -6.856605680999962, 0.0 ], [ 109.084931321000056, -6.856408740999939, 0.0 ], [ 109.085174258000052, -6.856115690999957, 0.0 ], [ 109.085392550000051, -6.855852110999933, 0.0 ], [ 109.085639110000045, -6.8555544, 0.0 ], [ 109.086133927000049, -6.855023649999964, 0.0 ], [ 109.086599322000041, -6.854602801999931, 0.0 ], [ 109.087367096000037, -6.853939956999966, 0.0 ], [ 109.087827554000057, -6.853574966999929, 0.0 ], [ 109.087861355000086, -6.853548173999968, 0.0 ], [ 109.089088246000074, -6.852543793999928, 0.0 ], [ 109.089241768000079, -6.852389501999937, 0.0 ], [ 109.089910217000067, -6.851717702999963, 0.0 ], [ 109.090583632000062, -6.85099521799998, 0.0 ], [ 109.09117245300007, -6.850363490999939, 0.0 ], [ 109.092138325000064, -6.849543076999964, 0.0 ], [ 109.092144314000052, -6.849537989999931, 0.0 ], [ 109.093301711000038, -6.848448287999929, 0.0 ], [ 109.094161413000052, -6.847594912999966, 0.0 ], [ 109.094723639000051, -6.847085476999951, 0.0 ], [ 109.095326417000081, -6.846440288999929, 0.0 ], [ 109.096395096000037, -6.845357231999969, 0.0 ], [ 109.097227353000051, -6.844531673999938, 0.0 ], [ 109.098136515000078, -6.843665934999933, 0.0 ], [ 109.098369181000066, -6.843420742999967, 0.0 ], [ 109.098840951000057, -6.842923575999976, 0.0 ], [ 109.099616703000038, -6.842110529999957, 0.0 ], [ 109.100142702000085, -6.841580360999956, 0.0 ], [ 109.10057923800008, -6.841218382999955, 0.0 ], [ 109.101184310000065, -6.840901422999934, 0.0 ], [ 109.101819441000089, -6.840494413999977, 0.0 ], [ 109.101915447000067, -6.840557851999961, 0.0 ], [ 109.102040012000089, -6.840502648999973, 0.0 ], [ 109.102151371000048, -6.840434119999941, 0.0 ], [ 109.102241129000049, -6.840373130999978, 0.0 ], [ 109.102364708000039, -6.840299560999938, 0.0 ], [ 109.102535659000068, -6.840201595999929, 0.0 ], [ 109.102582233000078, -6.840163922999977, 0.0 ], [ 109.102618237000058, -6.840139611999973, 0.0 ], [ 109.102694770000085, -6.840087933999939, 0.0 ], [ 109.103041026000085, -6.839813569999933, 0.0 ], [ 109.103120841000077, -6.839736828999946, 0.0 ], [ 109.103277023000032, -6.839607020999949, 0.0 ], [ 109.103391037000051, -6.839498318999972, 0.0 ], [ 109.103422691000048, -6.839474948999964, 0.0 ], [ 109.103446868000049, -6.839453575999926, 0.0 ], [ 109.103458290000049, -6.839452623999932, 0.0 ], [ 109.103468759000066, -6.83945548, 0.0 ], [ 109.103473518000044, -6.839462141999945, 0.0 ], [ 109.103473518000044, -6.839472611999952, 0.0 ], [ 109.103470663000053, -6.839482129999965, 0.0 ], [ 109.103430280000055, -6.839515035999966, 0.0 ], [ 109.103383890000089, -6.839562157999978, 0.0 ], [ 109.10331837800004, -6.839628703999949, 0.0 ], [ 109.10330695600004, -6.839643932999934, 0.0 ], [ 109.103298390000077, -6.839652498999953, 0.0 ], [ 109.103292679000049, -6.839678196999955, 0.0 ], [ 109.103320281000038, -6.839731496999946, 0.0 ], [ 109.103345028000035, -6.839761953999925, 0.0 ], [ 109.103366919000052, -6.839782892999949, 0.0 ], [ 109.10342212200004, -6.839827626999977, 0.0 ], [ 109.103459242000042, -6.83985903599995, 0.0 ], [ 109.103483036000057, -6.839875216999928, 0.0 ], [ 109.103509686000052, -6.839894251999965, 0.0 ], [ 109.103529674000072, -6.83990948099995, 0.0 ], [ 109.103556324000067, -6.839918998999963, 0.0 ] ] ] } },
{ "type": "Feature", "properties": { "OBJECTID": 3360.0, "NAMOBJ": "Tegal Timur", "METADATA": "TASWIL1000020260612KECAMATAN_AR", "KDBBPS": null, "KDCPUM": "33.76.02", "KDPKAB": "33.76", "KDPPUM": "33", "LUASWH": 7.4030355124041911, "TIPADM": 3.0, "WADMKC": "Tegal Timur", "WADMKK": "Kota Tegal", "WADMPR": "Jawa Tengah" }, "geometry": { "type": "Polygon", "coordinates": [ [ [ 109.160518958000068, -6.844155641999976, 0.0 ], [ 109.160545727000056, -6.844158615999959, 0.0 ], [ 109.160561194000081, -6.844155641999976, 0.0 ], [ 109.160574876000055, -6.844149692999963, 0.0 ], [ 109.160576660000061, -6.844149097999946, 0.0 ], [ 109.160589153000046, -6.844146123999963, 0.0 ], [ 109.160604619000082, -6.844148502999928, 0.0 ], [ 109.160607593000066, -6.844149097999946, 0.0 ], [ 109.160618301000056, -6.844149097999946, 0.0 ], [ 109.160633173000065, -6.84414671899998, 0.0 ], [ 109.160645665000061, -6.844143149999979, 0.0 ], [ 109.160658157000057, -6.844131846999971, 0.0 ], [ 109.160671839000088, -6.844125898999948, 0.0 ], [ 109.160686116000079, -6.844123518999936, 0.0 ], [ 109.160699203000036, -6.844125898999948, 0.0 ], [ 109.160706936000054, -6.844131251999954, 0.0 ], [ 109.160712290000049, -6.844136010999932, 0.0 ], [ 109.160717643000055, -6.844136010999932, 0.0 ], [ 109.160722402000033, -6.844130656999937, 0.0 ], [ 109.16072299700005, -6.844122328999958, 0.0 ], [ 109.160720395000055, -6.844085933999963, 0.0 ], [ 109.160754247000057, -6.844090236999932, 0.0 ], [ 109.160762853000051, -6.844149692999963, 0.0 ], [ 109.160770586000069, -6.844159805999936, 0.0 ], [ 109.160789622000038, -6.844170512999938, 0.0 ], [ 109.160816986000043, -6.844174676999955, 0.0 ], [ 109.160840186000087, -6.844181220999928, 0.0 ], [ 109.160858032000078, -6.844186574999981, 0.0 ], [ 109.160878257000036, -6.844191928999976, 0.0 ], [ 109.160946072000058, -6.844204420999972, 0.0 ], [ 109.16096748700005, -6.844212748999951, 0.0 ], [ 109.160984738000082, -6.844221076999929, 0.0 ], [ 109.161001989000056, -6.844229404999965, 0.0 ], [ 109.161026854000056, -6.844244157999981, 0.0 ], [ 109.161047794000069, -6.844252723999944, 0.0 ], [ 109.161068733000036, -6.844258434999972, 0.0 ], [ 109.161097286000086, -6.844261289999963, 0.0 ], [ 109.161114419000057, -6.844264144999954, 0.0 ], [ 109.161126792000061, -6.844267951999939, 0.0 ], [ 109.161129923000033, -6.844288442999925, 0.0 ], [ 109.161134406000087, -6.844315541999947, 0.0 ], [ 109.161140117000059, -6.844353612999953, 0.0 ], [ 109.161134406000087, -6.84439739499993, 0.0 ], [ 109.161133454000037, -6.844444031999956, 0.0 ], [ 109.161135358000081, -6.844483055999945, 0.0 ], [ 109.161139165000066, -6.844514464999975, 0.0 ], [ 109.16114976700004, -6.844539556999962, 0.0 ], [ 109.161153776000049, -6.84454557, 0.0 ], [ 109.161154320000037, -6.84459280599998, 0.0 ], [ 109.16115119400007, -6.844595236999965, 0.0 ], [ 109.161141201000078, -6.844608085999937, 0.0 ], [ 109.161124069000039, -6.844638066999948, 0.0 ], [ 109.161129779000078, -6.844665192999969, 0.0 ], [ 109.16114976700004, -6.844699456999933, 0.0 ], [ 109.161209729000063, -6.844749425999964, 0.0 ], [ 109.161239710000075, -6.844779406999976, 0.0 ], [ 109.161271119000048, -6.844806532999939, 0.0 ], [ 109.161305384000059, -6.84483365899996, 0.0 ], [ 109.161336792000043, -6.844852217999971, 0.0 ], [ 109.161359635000053, -6.844870777999972, 0.0 ], [ 109.161378195000054, -6.844887909999954, 0.0 ], [ 109.161391044000084, -6.844903614999964, 0.0 ], [ 109.161393899000075, -6.844912180999927, 0.0 ], [ 109.161393899000075, -6.844929312999966, 0.0 ], [ 109.161388189000036, -6.844947872999967, 0.0 ], [ 109.161728843000049, -6.84504371, 0.0 ], [ 109.161685731000034, -6.845523139999955, 0.0 ], [ 109.161626639000076, -6.845953514999962, 0.0 ], [ 109.161532655000087, -6.846363713999949, 0.0 ], [ 109.161524273000055, -6.846433960999946, 0.0 ], [ 109.161465978000081, -6.846656214999939, 0.0 ], [ 109.161416085000042, -6.846801361999951, 0.0 ], [ 109.16132801100008, -6.847057581999934, 0.0 ], [ 109.161147374000052, -6.84735113399995, 0.0 ], [ 109.16067195800008, -6.848167240999942, 0.0 ], [ 109.159767207000073, -6.849342815999933, 0.0 ], [ 109.159141933000058, -6.849986195999975, 0.0 ], [ 109.158928566000043, -6.850207799999964, 0.0 ], [ 109.158493306000082, -6.850605687999973, 0.0 ], [ 109.157877901000063, -6.851299465999944, 0.0 ], [ 109.157687570000064, -6.851511245999973, 0.0 ], [ 109.157425702000069, -6.851791970999955, 0.0 ], [ 109.157383945000049, -6.85183673399996, 0.0 ], [ 109.156815559000052, -6.852446047999933, 0.0 ], [ 109.156180881000068, -6.853170846999944, 0.0 ], [ 109.155654351000067, -6.853956966999931, 0.0 ], [ 109.155420158000084, -6.854306621999967, 0.0 ], [ 109.153867737000041, -6.856887917999927, 0.0 ], [ 109.153672941000082, -6.85721181599996, 0.0 ], [ 109.153478760000041, -6.85753468799993, 0.0 ], [ 109.153278500000056, -6.857867667999926, 0.0 ], [ 109.153125996000085, -6.858128057999977, 0.0 ], [ 109.152988581000045, -6.858369491999952, 0.0 ], [ 109.152862827000035, -6.858703917999946, 0.0 ], [ 109.152765833000046, -6.859028885999976, 0.0 ], [ 109.152716321000071, -6.859454508999931, 0.0 ], [ 109.15271196100008, -6.859815306999963, 0.0 ], [ 109.152705087000072, -6.859885064999958, 0.0 ], [ 109.152687480000054, -6.860727055999973, 0.0 ], [ 109.152714395000089, -6.861196032999942, 0.0 ], [ 109.152775991000055, -6.862046558999964, 0.0 ], [ 109.152802225000073, -6.862609375999966, 0.0 ], [ 109.15281996300007, -6.863006995999967, 0.0 ], [ 109.152756661000069, -6.863284248999946, 0.0 ], [ 109.152607597000042, -6.863455913999928, 0.0 ], [ 109.152319375000047, -6.863713162999943, 0.0 ], [ 109.152035186000035, -6.863844719999975, 0.0 ], [ 109.151726371000052, -6.863944416999971, 0.0 ], [ 109.150885586000072, -6.864328764999925, 0.0 ], [ 109.150502869000036, -6.86466334399995, 0.0 ], [ 109.150286110000081, -6.865009377999968, 0.0 ], [ 109.150158941000086, -6.865321967999932, 0.0 ], [ 109.149969638000073, -6.865995839999925, 0.0 ], [ 109.14979979900005, -6.866730557999972, 0.0 ], [ 109.149662950000049, -6.867349893999972, 0.0 ], [ 109.149420518000056, -6.868526698999972, 0.0 ], [ 109.149178581000058, -6.869362038999952, 0.0 ], [ 109.149151497000048, -6.869455552999966, 0.0 ], [ 109.14912522700007, -6.869545163999931, 0.0 ], [ 109.149094046000073, -6.869651522999959, 0.0 ], [ 109.148960377000037, -6.870107480999934, 0.0 ], [ 109.148862256000086, -6.870518769999933, 0.0 ], [ 109.148620019000077, -6.871457173999943, 0.0 ], [ 109.148512869000058, -6.87193041699993, 0.0 ], [ 109.14840851200006, -6.87245159899993, 0.0 ], [ 109.148154679000072, -6.873675145999925, 0.0 ], [ 109.147978296000076, -6.87451105699995, 0.0 ], [ 109.147727242000087, -6.875533579999967, 0.0 ], [ 109.147403205000046, -6.876541582999948, 0.0 ], [ 109.146866544000034, -6.878280779999955, 0.0 ], [ 109.146791286000052, -6.878585163999958, 0.0 ], [ 109.146760991000065, -6.878660089999926, 0.0 ], [ 109.14670643900007, -6.878839293999931, 0.0 ], [ 109.146680814000035, -6.878965980999965, 0.0 ], [ 109.14667485800004, -6.879267375999973, 0.0 ], [ 109.146683616000075, -6.879477923999957, 0.0 ], [ 109.146711764000088, -6.879626348999977, 0.0 ], [ 109.146731822000049, -6.879700584999966, 0.0 ], [ 109.146799512000086, -6.879837202999965, 0.0 ], [ 109.146874465000053, -6.879952318999926, 0.0 ], [ 109.146992226000066, -6.88013936699997, 0.0 ], [ 109.147213817000079, -6.880402171999947, 0.0 ], [ 109.147342516000037, -6.880546202999938, 0.0 ], [ 109.147395046000042, -6.880591070999969, 0.0 ], [ 109.147427006000044, -6.880618369999979, 0.0 ], [ 109.147799887000076, -6.88113012599996, 0.0 ], [ 109.147909103000075, -6.88136020099995, 0.0 ], [ 109.147975253000084, -6.881585323999957, 0.0 ], [ 109.147993623000048, -6.881786340999952, 0.0 ], [ 109.147954451000032, -6.881998248999935, 0.0 ], [ 109.147939741000073, -6.882087899999931, 0.0 ], [ 109.147895793000089, -6.882310203999964, 0.0 ], [ 109.147873917000084, -6.882396238999945, 0.0 ], [ 109.147826642000041, -6.882550352999942, 0.0 ], [ 109.14779949800004, -6.882605076999937, 0.0 ], [ 109.147728935000089, -6.882747331999951, 0.0 ], [ 109.147681675000058, -6.882897857999978, 0.0 ], [ 109.147639429000037, -6.883203918999925, 0.0 ], [ 109.147684879000053, -6.883646757999941, 0.0 ], [ 109.147697617000063, -6.884304789999931, 0.0 ], [ 109.147742946000051, -6.88533208299998, 0.0 ], [ 109.147731874000044, -6.885706747999961, 0.0 ], [ 109.147684224000045, -6.885943143999953, 0.0 ], [ 109.147654568000064, -6.886183445999961, 0.0 ], [ 109.147580385000083, -6.886600297999962, 0.0 ], [ 109.147460194000075, -6.886975190999976, 0.0 ], [ 109.14733188200006, -6.887375417999976, 0.0 ], [ 109.147228306000045, -6.887563346999968, 0.0 ], [ 109.147187992000056, -6.887636493999935, 0.0 ], [ 109.147169963000067, -6.887669204999952, 0.0 ], [ 109.146888987000068, -6.888179010999977, 0.0 ], [ 109.146882255000037, -6.888191225999947, 0.0 ], [ 109.146727319000036, -6.888310077999961, 0.0 ], [ 109.146551741000053, -6.888444764999974, 0.0 ], [ 109.146285995000085, -6.888443733999964, 0.0 ], [ 109.146187413000064, -6.88844282499997, 0.0 ], [ 109.146187157000043, -6.888413698999955, 0.0 ], [ 109.146182434000082, -6.887875852999969, 0.0 ], [ 109.146160891000079, -6.887875769999937, 0.0 ], [ 109.146184106000078, -6.887445262999961, 0.0 ], [ 109.146148406000066, -6.887392495999961, 0.0 ], [ 109.146151533000079, -6.887203524999961, 0.0 ], [ 109.145680123000034, -6.887165812999967, 0.0 ], [ 109.145680216000073, -6.887141890999942, 0.0 ], [ 109.145198041000071, -6.887116978999927, 0.0 ], [ 109.145150598000043, -6.887114836999956, 0.0 ], [ 109.145142645000078, -6.887313358999961, 0.0 ], [ 109.145175108000046, -6.887329737999949, 0.0 ], [ 109.145176092000042, -6.887330234999979, 0.0 ], [ 109.145134712000072, -6.887507096999968, 0.0 ], [ 109.145080102000065, -6.887491226999941, 0.0 ], [ 109.144742589000089, -6.887393140999961, 0.0 ], [ 109.144591975000083, -6.887344712999948, 0.0 ], [ 109.144578197000044, -6.887393752999969, 0.0 ], [ 109.144521702000077, -6.88759483399997, 0.0 ], [ 109.144465757000035, -6.887793955999939, 0.0 ], [ 109.144300444000066, -6.887708869999926, 0.0 ], [ 109.144267158000048, -6.887774047999926, 0.0 ], [ 109.144091947000049, -6.887649211999928, 0.0 ], [ 109.143950972000084, -6.88758407499995, 0.0 ], [ 109.143967905000068, -6.887538688999939, 0.0 ], [ 109.143817263000074, -6.887497436999979, 0.0 ], [ 109.143618655000068, -6.887479919999976, 0.0 ], [ 109.143434306000074, -6.887488771999926, 0.0 ], [ 109.143395475000034, -6.887010181999926, 0.0 ], [ 109.143270987000051, -6.887014482999973, 0.0 ], [ 109.143275010000082, -6.886887531999946, 0.0 ], [ 109.143276400000047, -6.886843648999957, 0.0 ], [ 109.143276444000037, -6.886842264999927, 0.0 ], [ 109.143270177000034, -6.886842358999957, 0.0 ], [ 109.143149571000038, -6.886844164999957, 0.0 ], [ 109.143041950000054, -6.886819824999975, 0.0 ], [ 109.142765223000083, -6.886763315999929, 0.0 ], [ 109.142690467000079, -6.886748623999949, 0.0 ], [ 109.142616807000081, -6.88673414699997, 0.0 ], [ 109.142610869000066, -6.886722162999945, 0.0 ], [ 109.142597010000088, -6.886712187999933, 0.0 ], [ 109.142434431000083, -6.886697554999955, 0.0 ], [ 109.142407572000081, -6.886679508999975, 0.0 ], [ 109.14231785700008, -6.88666719899993, 0.0 ], [ 109.142278995000083, -6.886658077999925, 0.0 ], [ 109.142273046000071, -6.886649083999941, 0.0 ], [ 109.14224237500008, -6.886645742999974, 0.0 ], [ 109.142199591000065, -6.886641082999972, 0.0 ], [ 109.142190233000065, -6.886734527999977, 0.0 ], [ 109.142174686000033, -6.886889774999929, 0.0 ], [ 109.14178488500005, -6.886794963999932, 0.0 ], [ 109.141792291000058, -6.886723314999927, 0.0 ], [ 109.141821356000037, -6.88644213699996, 0.0 ], [ 109.141842094000083, -6.886241512999959, 0.0 ], [ 109.141745338000078, -6.886239233999959, 0.0 ], [ 109.14121371300007, -6.886226711999939, 0.0 ], [ 109.141195769000035, -6.886352030999944, 0.0 ], [ 109.141347731000053, -6.886361592999947, 0.0 ], [ 109.141345158000036, -6.886376391999931, 0.0 ], [ 109.141288083000063, -6.886704712999972, 0.0 ], [ 109.141257135000046, -6.88688273899993, 0.0 ], [ 109.141130421000071, -6.886843970999962, 0.0 ], [ 109.14111592900008, -6.88687740499995, 0.0 ], [ 109.140934189000063, -6.886831246999975, 0.0 ], [ 109.140774494000084, -6.887270789999945, 0.0 ], [ 109.140564113000039, -6.887203288999956, 0.0 ], [ 109.140581092000048, -6.887145941999961, 0.0 ], [ 109.140263240000081, -6.88701552699996, 0.0 ], [ 109.140263915000048, -6.887013002999936, 0.0 ], [ 109.140278916000057, -6.886956892999933, 0.0 ], [ 109.14036143900006, -6.886648206999951, 0.0 ], [ 109.14048428600006, -6.886188686999958, 0.0 ], [ 109.140221070000052, -6.88616613399995, 0.0 ], [ 109.140216614000053, -6.886185148999971, 0.0 ], [ 109.140167740000038, -6.886393711999972, 0.0 ], [ 109.140157782000074, -6.886436204999939, 0.0 ], [ 109.140059698000073, -6.886421470999949, 0.0 ], [ 109.140042225000059, -6.886605601999975, 0.0 ], [ 109.140037971000083, -6.886628481999935, 0.0 ], [ 109.14002952900006, -6.886673874999929, 0.0 ], [ 109.14002266600005, -6.886710781999966, 0.0 ], [ 109.139829061000057, -6.886638262999952, 0.0 ], [ 109.139781234000054, -6.886626115999945, 0.0 ], [ 109.139784871000074, -6.886605976999931, 0.0 ], [ 109.139785476000043, -6.88660263099996, 0.0 ], [ 109.139788574000079, -6.886585476999926, 0.0 ], [ 109.139752660000056, -6.886587728999928, 0.0 ], [ 109.139751279000052, -6.88660291399998, 0.0 ], [ 109.139747658000033, -6.886642729999949, 0.0 ], [ 109.139630174000047, -6.886591868999972, 0.0 ], [ 109.139530200000081, -6.886548587999926, 0.0 ], [ 109.139534389000062, -6.886529333999931, 0.0 ], [ 109.139549790000046, -6.886458538999932, 0.0 ], [ 109.139569198000061, -6.886369325999965, 0.0 ], [ 109.139487879000058, -6.886352263999981, 0.0 ], [ 109.139487795000036, -6.886373792999962, 0.0 ], [ 109.139383660000078, -6.886357559999965, 0.0 ], [ 109.139463767000052, -6.886046242999953, 0.0 ], [ 109.138937607000059, -6.885961252999948, 0.0 ], [ 109.138914301000057, -6.886120379999966, 0.0 ], [ 109.138840173000062, -6.886100953999971, 0.0 ], [ 109.138672711000083, -6.886076379999963, 0.0 ], [ 109.13835438600006, -6.886067963999949, 0.0 ], [ 109.138117397000087, -6.886071824999931, 0.0 ], [ 109.137996997000073, -6.886255554999934, 0.0 ], [ 109.137956, -6.886332, 0.0 ], [ 109.13793669000006, -6.886447858999929, 0.0 ], [ 109.137854, -6.886944, 0.0 ], [ 109.137843305000047, -6.88699653599997, 0.0 ], [ 109.137360023000042, -6.886911501999975, 0.0 ], [ 109.136975418000077, -6.886842361999925, 0.0 ], [ 109.136948690000054, -6.886837556999978, 0.0 ], [ 109.136866, -6.886879, 0.0 ], [ 109.13685468400007, -6.886879285999953, 0.0 ], [ 109.136465128000054, -6.886847632999945, 0.0 ], [ 109.136447840000073, -6.887013854999964, 0.0 ], [ 109.136061, -6.886991, 0.0 ], [ 109.136048493000033, -6.886990656999956, 0.0 ], [ 109.135951004000049, -6.886987984999962, 0.0 ], [ 109.135949114000084, -6.886768227999937, 0.0 ], [ 109.135949007000079, -6.886755795999932, 0.0 ], [ 109.135948711000083, -6.886689737999973, 0.0 ], [ 109.135949361000087, -6.886648682999976, 0.0 ], [ 109.135951677000037, -6.886502269999937, 0.0 ], [ 109.135952036000049, -6.886479533999932, 0.0 ], [ 109.135952752000037, -6.886434270999928, 0.0 ], [ 109.135953287000063, -6.886400501999958, 0.0 ], [ 109.135954853000044, -6.886371031999943, 0.0 ], [ 109.135958698000081, -6.886300419999941, 0.0 ], [ 109.135959034000052, -6.886294253999949, 0.0 ], [ 109.135963962000062, -6.886203742999953, 0.0 ], [ 109.135973136000075, -6.886014812999974, 0.0 ], [ 109.135975906000056, -6.885849249999978, 0.0 ], [ 109.135977066000066, -6.88575184299998, 0.0 ], [ 109.135974493000049, -6.885626369999954, 0.0 ], [ 109.135971292000079, -6.885470219999945, 0.0 ], [ 109.135694772000079, -6.88548349499996, 0.0 ], [ 109.135619492000046, -6.885483200999943, 0.0 ], [ 109.135506752000083, -6.885482760999935, 0.0 ], [ 109.135005407000051, -6.885480805999975, 0.0 ], [ 109.134819808000088, -6.885485305999964, 0.0 ], [ 109.134539308000058, -6.885494255999959, 0.0 ], [ 109.13439801700008, -6.88549613899994, 0.0 ], [ 109.134291879000045, -6.885495962999926, 0.0 ], [ 109.134281276000081, -6.885495920999972, 0.0 ], [ 109.134161582000047, -6.885495453999965, 0.0 ], [ 109.134139719000075, -6.88549142599993, 0.0 ], [ 109.134117717000038, -6.885487371999943, 0.0 ], [ 109.134096942000042, -6.885483543999953, 0.0 ], [ 109.134093298000039, -6.885482872999944, 0.0 ], [ 109.134083974000077, -6.885481154999979, 0.0 ], [ 109.134051412000076, -6.885475154999938, 0.0 ], [ 109.134027368000034, -6.885470724999948, 0.0 ], [ 109.133985773000063, -6.885463060999939, 0.0 ], [ 109.133958062000033, -6.885457955999925, 0.0 ], [ 109.133942719000061, -6.885455128999979, 0.0 ], [ 109.133910584000034, -6.885446787999967, 0.0 ], [ 109.133874739000078, -6.885437483999965, 0.0 ], [ 109.133801176000077, -6.885418389999927, 0.0 ], [ 109.133671944000071, -6.885384845999965, 0.0 ], [ 109.133618560000059, -6.885370849999958, 0.0 ], [ 109.133530645000064, -6.885338886999932, 0.0 ], [ 109.133634001000075, -6.884920000999955, 0.0 ], [ 109.133798999000078, -6.884383000999946, 0.0 ], [ 109.133912322000072, -6.88406697399995, 0.0 ], [ 109.136024787000053, -6.884117027999935, 0.0 ], [ 109.136197, -6.880147, 0.0 ], [ 109.1362, -6.879988, 0.0 ], [ 109.136205, -6.879772000999935, 0.0 ], [ 109.136212803000035, -6.879397478999977, 0.0 ], [ 109.136225001000071, -6.878812, 0.0 ], [ 109.136251, -6.877553, 0.0 ], [ 109.136254, -6.877433, 0.0 ], [ 109.136296, -6.875526000999969, 0.0 ], [ 109.136301, -6.875326, 0.0 ], [ 109.136295, -6.875000000999933, 0.0 ], [ 109.136286, -6.874507, 0.0 ], [ 109.136328, -6.873299000999964, 0.0 ], [ 109.136342, -6.872342, 0.0 ], [ 109.136354, -6.871463000999938, 0.0 ], [ 109.13636, -6.871091, 0.0 ], [ 109.136379996000073, -6.870308139999963, 0.0 ], [ 109.13638, -6.870308, 0.0 ], [ 109.136387, -6.870051, 0.0 ], [ 109.136402, -6.8692, 0.0 ], [ 109.13642, -6.868655000999979, 0.0 ], [ 109.136434, -6.868248000999927, 0.0 ], [ 109.136461999000062, -6.867381, 0.0 ], [ 109.136534, -6.86679000099997, 0.0 ], [ 109.136538819000066, -6.866745393999963, 0.0 ], [ 109.136435567000035, -6.866745393999963, 0.0 ], [ 109.135807390000082, -6.866666872999929, 0.0 ], [ 109.134608141000058, -6.866545518999942, 0.0 ], [ 109.133565937000071, -6.866402751999942, 0.0 ], [ 109.133575688000064, -6.866336823999973, 0.0 ], [ 109.133924623000041, -6.864448056999947, 0.0 ], [ 109.134065305000036, -6.86368655299998, 0.0 ], [ 109.134102001000088, -6.86355200099996, 0.0 ], [ 109.134104, -6.863542, 0.0 ], [ 109.134104334000085, -6.863540486999966, 0.0 ], [ 109.134807, -6.859439000999942, 0.0 ], [ 109.134807051000053, -6.859439010999949, 0.0 ], [ 109.134807015000035, -6.859438929999953, 0.0 ], [ 109.136274154000034, -6.859710589999963, 0.0 ], [ 109.136284, -6.859712000999934, 0.0 ], [ 109.136681999000075, -6.859769000999961, 0.0 ], [ 109.137638, -6.859963, 0.0 ], [ 109.137638073000062, -6.859962573999951, 0.0 ], [ 109.137836, -6.857995000999949, 0.0 ], [ 109.137846999000033, -6.85759, 0.0 ], [ 109.137919, -6.857080000999929, 0.0 ], [ 109.138137834000077, -6.856544207999946, 0.0 ], [ 109.138227063000045, -6.856264621999969, 0.0 ], [ 109.138322242000072, -6.85564001299997, 0.0 ], [ 109.138369831000034, -6.855408015999956, 0.0 ], [ 109.138548291000063, -6.855217658999948, 0.0 ], [ 109.138714853000067, -6.855110582999941, 0.0 ], [ 109.138908439000033, -6.855066712999928, 0.0 ], [ 109.138909080000076, -6.855067000999952, 0.0 ], [ 109.138950431000069, -6.855067563999967, 0.0 ], [ 109.13905599900005, -6.855069000999947, 0.0 ], [ 109.139207, -6.855073, 0.0 ], [ 109.139161, -6.854933000999949, 0.0 ], [ 109.138909, -6.854456, 0.0 ], [ 109.138609999000039, -6.853359, 0.0 ], [ 109.13825999900007, -6.852212, 0.0 ], [ 109.137298676000057, -6.849370132999979, 0.0 ], [ 109.136775020000073, -6.848271900999976, 0.0 ], [ 109.136778922000076, -6.848254991999966, 0.0 ], [ 109.136773111000082, -6.848244790999956, 0.0 ], [ 109.136710037000057, -6.848009579999939, 0.0 ], [ 109.136656499000082, -6.847853725999926, 0.0 ], [ 109.136662448000038, -6.84785134599997, 0.0 ], [ 109.136537526000041, -6.847420663999969, 0.0 ], [ 109.136480419000065, -6.847217219999948, 0.0 ], [ 109.136430876000077, -6.847052076999944, 0.0 ], [ 109.136403554000083, -6.846958427999937, 0.0 ], [ 109.136388810000085, -6.846907889999954, 0.0 ], [ 109.136369774000059, -6.846829367999931, 0.0 ], [ 109.136324564000063, -6.84667946199994, 0.0 ], [ 109.136305529000083, -6.84661045699994, 0.0 ], [ 109.13628887200008, -6.846542642999964, 0.0 ], [ 109.136267457000088, -6.846452222999972, 0.0 ], [ 109.136247232000073, -6.846371321999925, 0.0 ], [ 109.136225817000081, -6.846253537999928, 0.0 ], [ 109.136211540000033, -6.846161928999948, 0.0 ], [ 109.136200832000043, -6.846075078999945, 0.0 ], [ 109.136185366000063, -6.845968002999939, 0.0 ], [ 109.13617584800005, -6.845876393999959, 0.0 ], [ 109.136169899000038, -6.845793112999957, 0.0 ], [ 109.136160381000082, -6.845677708999972, 0.0 ], [ 109.136154433000058, -6.845592047999958, 0.0 ], [ 109.136153243000081, -6.845531371999925, 0.0 ], [ 109.136153243000081, -6.845457608999936, 0.0 ], [ 109.136153243000081, -6.84538265499998, 0.0 ], [ 109.136156812000081, -6.845280338999942, 0.0 ], [ 109.136160381000082, -6.845141139999953, 0.0 ], [ 109.13616514000006, -6.845029305999958, 0.0 ], [ 109.136163951000071, -6.84495911099998, 0.0 ], [ 109.136162761000037, -6.844817532999969, 0.0 ], [ 109.13616514000006, -6.844487977999961, 0.0 ], [ 109.13616514000006, -6.844457044999956, 0.0 ], [ 109.136185366000063, -6.844458234999934, 0.0 ], [ 109.136184176000086, -6.844560551999962, 0.0 ], [ 109.136180607000085, -6.844687852999925, 0.0 ], [ 109.136180607000085, -6.84478065199994, 0.0 ], [ 109.136180607000085, -6.84490081499996, 0.0 ], [ 109.136180607000085, -6.845000751999976, 0.0 ], [ 109.136174658000073, -6.845151847999944, 0.0 ], [ 109.136174658000073, -6.845210144999953, 0.0 ], [ 109.136171089000072, -6.845273199999951, 0.0 ], [ 109.136169899000038, -6.845361239999932, 0.0 ], [ 109.136169899000038, -6.845439762999945, 0.0 ], [ 109.136167520000072, -6.845514715999968, 0.0 ], [ 109.136173468000038, -6.845601565999971, 0.0 ], [ 109.136178227000073, -6.845718158999944, 0.0 ], [ 109.136186556000041, -6.845794301999945, 0.0 ], [ 109.136190125000041, -6.84586806599998, 0.0 ], [ 109.136199643000054, -6.845964433999939, 0.0 ], [ 109.136207971000033, -6.846022729999959, 0.0 ], [ 109.136221058000046, -6.846133374999965, 0.0 ], [ 109.136242473000038, -6.84624877899995, 0.0 ], [ 109.136260319000087, -6.846342767999943, 0.0 ], [ 109.136275785000066, -6.846412961999931, 0.0 ], [ 109.136290062000057, -6.846481965999942, 0.0 ], [ 109.136304339000048, -6.846546211999964, 0.0 ], [ 109.136334082000076, -6.846652097999936, 0.0 ], [ 109.13636144600008, -6.846753224999929, 0.0 ], [ 109.136419506000038, -6.846954717999949, 0.0 ], [ 109.136429736000082, -6.846990218999963, 0.0 ], [ 109.137156424000068, -6.846787488999951, 0.0 ], [ 109.137109549000058, -6.846624598999938, 0.0 ], [ 109.137099317000036, -6.846589041999948, 0.0 ], [ 109.137057914000081, -6.84646483399996, 0.0 ], [ 109.137031661000037, -6.846368991999952, 0.0 ], [ 109.137006676000055, -6.846260725999969, 0.0 ], [ 109.136982882000041, -6.846136993999949, 0.0 ], [ 109.136966226000084, -6.846045384999968, 0.0 ], [ 109.136956708000071, -6.845998984999937, 0.0 ], [ 109.136943621000057, -6.845919273999925, 0.0 ], [ 109.136936482000067, -6.845843130999981, 0.0 ], [ 109.136930534000044, -6.845720588999939, 0.0 ], [ 109.136922206000065, -6.845606373999942, 0.0 ], [ 109.136915067000075, -6.845483831999957, 0.0 ], [ 109.136912688000052, -6.845404119999955, 0.0 ], [ 109.136915067000075, -6.845356530999936, 0.0 ], [ 109.136917447000087, -6.845313700999952, 0.0 ], [ 109.136922206000065, -6.84524588599993, 0.0 ], [ 109.136928154000088, -6.845160224999972, 0.0 ], [ 109.136930534000044, -6.845147137999959, 0.0 ], [ 109.136950759000058, -6.845145948999971, 0.0 ], [ 109.136958944000071, -6.845139166999957, 0.0 ], [ 109.136959896000064, -6.844981170999972, 0.0 ], [ 109.136964655000043, -6.844631865999929, 0.0 ], [ 109.136967510000034, -6.844518603999973, 0.0 ], [ 109.136963703000049, -6.844496712999955, 0.0 ], [ 109.136968462000084, -6.844488146999936, 0.0 ], [ 109.136981787000082, -6.844488146999936, 0.0 ], [ 109.137003678000042, -6.844488146999936, 0.0 ], [ 109.137008437000077, -6.844496712999955, 0.0 ], [ 109.137007485000083, -6.844522410999957, 0.0 ], [ 109.137008437000077, -6.844724188999976, 0.0 ], [ 109.137004630000035, -6.84483174099995, 0.0 ], [ 109.137005582000086, -6.844975459999944, 0.0 ], [ 109.137003678000042, -6.84508681899996, 0.0 ], [ 109.137007485000083, -6.84517057599993, 0.0 ], [ 109.137006534000079, -6.84519056399995, 0.0 ], [ 109.137001775000044, -6.845199129999969, 0.0 ], [ 109.136990353000044, -6.845208646999936, 0.0 ], [ 109.13697798000004, -6.845212454999967, 0.0 ], [ 109.136964655000043, -6.845215309999958, 0.0 ], [ 109.13695608900008, -6.845219116999942, 0.0 ], [ 109.136951330000045, -6.845223875999977, 0.0 ], [ 109.13694752300006, -6.845227682999962, 0.0 ], [ 109.136940773000049, -6.845239935999928, 0.0 ], [ 109.136937672000045, -6.845291095999926, 0.0 ], [ 109.136935293000079, -6.845348202999958, 0.0 ], [ 109.136934103000044, -6.845392222999976, 0.0 ], [ 109.136931723000089, -6.845437432999972, 0.0 ], [ 109.136935293000079, -6.845501677999948, 0.0 ], [ 109.136940052000057, -6.845603994999976, 0.0 ], [ 109.136944810000045, -6.8456694299999, 0.0 ], [ 109.136948380000035, -6.845749141999931, 0.0 ], [ 109.136956708000071, -6.845813387999954, 0.0 ], [ 109.136962656000037, -6.845885960999965, 0.0 ], [ 109.136969795000084, -6.845934739999961, 0.0 ], [ 109.13697931300004, -6.845993036999971, 0.0 ], [ 109.136992400000054, -6.846072748999973, 0.0 ], [ 109.137012625000068, -6.846171495999954, 0.0 ], [ 109.137024522000047, -6.846229792999964, 0.0 ], [ 109.137048317000051, -6.846334488999958, 0.0 ], [ 109.137060214000087, -6.846390406999944, 0.0 ], [ 109.137070922000078, -6.846433236999928, 0.0 ], [ 109.137094276000084, -6.846517080999945, 0.0 ], [ 109.137128393000069, -6.846622679999939, 0.0 ], [ 109.137130737000064, -6.846629935999943, 0.0 ], [ 109.137147810000045, -6.846661388999962, 0.0 ], [ 109.137176411000041, -6.846696117999954, 0.0 ], [ 109.137280632000056, -6.846746086999929, 0.0 ], [ 109.137380569000072, -6.84678463399996, 0.0 ], [ 109.13750906000007, -6.846816042999933, 0.0 ], [ 109.137584727000046, -6.846830319999981, 0.0 ], [ 109.137735600000042, -6.846878552999954, 0.0 ], [ 109.137863497000069, -6.846914244999937, 0.0 ], [ 109.137979495000081, -6.846932090999928, 0.0 ], [ 109.138098468000067, -6.846946962999937, 0.0 ], [ 109.138315594000062, -6.846970756999951, 0.0 ], [ 109.138431593000064, -6.846997525999939, 0.0 ], [ 109.138541643000053, -6.847009423999964, 0.0 ], [ 109.138788512000076, -6.8470480899999, 0.0 ], [ 109.138972920000072, -6.847080806999941, 0.0 ], [ 109.139088919000073, -6.847089729999936, 0.0 ], [ 109.139169226000035, -6.847116498999981, 0.0 ], [ 109.139249533000054, -6.847128396999949, 0.0 ], [ 109.13929005500006, -6.847133682999981, 0.0 ], [ 109.139317942000048, -6.847137319999945, 0.0 ], [ 109.139383377000058, -6.847140293999928, 0.0 ], [ 109.139442864000046, -6.847143267999968, 0.0 ], [ 109.139490453000064, -6.847146242999941, 0.0 ], [ 109.139523171000064, -6.847137319999945, 0.0 ], [ 109.139549940000052, -6.847119473999953, 0.0 ], [ 109.139570760000083, -6.847077832999958, 0.0 ], [ 109.139589919000059, -6.846991198999945, 0.0 ], [ 109.139617804000068, -6.846882121999954, 0.0 ], [ 109.139626132000046, -6.846858327999939, 0.0 ], [ 109.139633270000047, -6.84685, 0.0 ], [ 109.139643978000038, -6.846846429999971, 0.0 ], [ 109.139655875000074, -6.846852378999927, 0.0 ], [ 109.139657065000051, -6.846866655999975, 0.0 ], [ 109.139658255000086, -6.846880932999966, 0.0 ], [ 109.139629701000047, -6.847029648999978, 0.0 ], [ 109.139630891000081, -6.847045114999958, 0.0 ], [ 109.139652306000073, -6.847059391999949, 0.0 ], [ 109.139695136000057, -6.847086755999953, 0.0 ], [ 109.139733208000052, -6.847110550999957, 0.0 ], [ 109.139812920000054, -6.847143862999928, 0.0 ], [ 109.139871216000074, -6.847166467999955, 0.0 ], [ 109.139931893000039, -6.847191451999947, 0.0 ], [ 109.139996138000072, -6.847216436999929, 0.0 ], [ 109.140038968000056, -6.847237851999978, 0.0 ], [ 109.140096075000088, -6.847252128999969, 0.0 ], [ 109.140137716000083, -6.847266404999971, 0.0 ], [ 109.140168649000088, -6.847279491999927, 0.0 ], [ 109.140213859000085, -6.847294958999953, 0.0 ], [ 109.140257879000046, -6.847304476999966, 0.0 ], [ 109.140284053000073, -6.847313994999979, 0.0 ], [ 109.140309037000065, -6.847323511999946, 0.0 ], [ 109.140347109000061, -6.84734373799995, 0.0 ], [ 109.140514662000044, -6.847395490999929, 0.0 ], [ 109.140750229000048, -6.847443079999948, 0.0 ], [ 109.141038144000049, -6.847502566999935, 0.0 ], [ 109.141069077000054, -6.847502566999935, 0.0 ], [ 109.141100010000059, -6.84750732599997, 0.0 ], [ 109.141138081000065, -6.847512084999948, 0.0 ], [ 109.141180911000049, -6.847516843999927, 0.0 ], [ 109.141214224000066, -6.847519222999949, 0.0 ], [ 109.141247536000037, -6.847528740999962, 0.0 ], [ 109.141287987000055, -6.847540637999941, 0.0 ], [ 109.141316541000037, -6.847547776999932, 0.0 ], [ 109.141352233000077, -6.847554914999932, 0.0 ], [ 109.141390304000083, -6.847557293999955, 0.0 ], [ 109.141395798000076, -6.847557309999956, 0.0 ], [ 109.141410470000039, -6.847557353999946, 0.0 ], [ 109.141423319000069, -6.847552356999927, 0.0 ], [ 109.141432599000041, -6.847543790999964, 0.0 ], [ 109.141439023000089, -6.847530941999935, 0.0 ], [ 109.14144116500006, -6.847518806999972, 0.0 ], [ 109.14144187900007, -6.847505957999942, 0.0 ], [ 109.141442593000079, -6.847490966999942, 0.0 ], [ 109.141444020000051, -6.84747740399996, 0.0 ], [ 109.141464008000071, -6.84747811799997, 0.0 ], [ 109.141462580000052, -6.847491680999951, 0.0 ], [ 109.141464008000071, -6.847508812999934, 0.0 ], [ 109.141473288000043, -6.847525944999973, 0.0 ], [ 109.141477571000053, -6.847537365999926, 0.0 ], [ 109.141486137000072, -6.847548787999926, 0.0 ], [ 109.141499700000054, -6.847561636999956, 0.0 ], [ 109.141511835000074, -6.847571630999937, 0.0 ], [ 109.141534678000085, -6.847581623999929, 0.0 ], [ 109.141558234000058, -6.847589476999929, 0.0 ], [ 109.141593212000089, -6.847597328999939, 0.0 ], [ 109.141709578000075, -6.847618873999977, 0.0 ], [ 109.141841402000068, -6.8476465599999, 0.0 ], [ 109.141924207000045, -6.84766226399995, 0.0 ], [ 109.142012009000041, -6.847680109999942, 0.0 ], [ 109.142095529000073, -6.847689389999971, 0.0 ], [ 109.142172623000079, -6.847699383999952, 0.0 ], [ 109.142234174000066, -6.847703230999969, 0.0 ], [ 109.142378209000071, -6.847717229999944, 0.0 ], [ 109.142479574000049, -6.847727223999925, 0.0 ], [ 109.142588077000084, -6.847740786999964, 0.0 ], [ 109.142744340000036, -6.847756286999982, 0.0 ], [ 109.142766461000065, -6.847759212999961, 0.0 ], [ 109.142766665000067, -6.847759232999977, 0.0 ], [ 109.143017311000051, -6.847782430999928, 0.0 ], [ 109.143266853000057, -6.847809866999967, 0.0 ], [ 109.14329340900008, -6.847813917999929, 0.0 ], [ 109.143293436000079, -6.847813921999943, 0.0 ], [ 109.143543193000085, -6.84784072399998, 0.0 ], [ 109.143673825000064, -6.847850003999952, 0.0 ], [ 109.143736021000052, -6.847857544999954, 0.0 ], [ 109.14374020200006, -6.847858051999935, 0.0 ], [ 109.143753061000041, -6.847857141999953, 0.0 ], [ 109.143770907000032, -6.847852858999943, 0.0 ], [ 109.14378518400008, -6.847843578999971, 0.0 ], [ 109.143797319000043, -6.847835726999961, 0.0 ], [ 109.143810168000073, -6.847825732999979, 0.0 ], [ 109.143817786000056, -6.847812484999963, 0.0 ], [ 109.143818020000083, -6.847803603999978, 0.0 ], [ 109.143837230000088, -6.847801064999942, 0.0 ], [ 109.143834439000045, -6.847878556999945, 0.0 ], [ 109.143862278000086, -6.847879984999963, 0.0 ], [ 109.143872986000076, -6.847801462999939, 0.0 ], [ 109.143877269000086, -6.847788613999967, 0.0 ], [ 109.14390011200004, -6.847772194999948, 0.0 ], [ 109.144059298000059, -6.847655839999959, 0.0 ], [ 109.144066050000049, -6.847650082999962, 0.0 ], [ 109.144105398000079, -6.847618813999929, 0.0 ], [ 109.144243578000044, -6.847509731999935, 0.0 ], [ 109.144262028000071, -6.847495166999977, 0.0 ], [ 109.144270594000034, -6.847498021999968, 0.0 ], [ 109.144278446000044, -6.847505873999978, 0.0 ], [ 109.144326273000047, -6.847562267999933, 0.0 ], [ 109.144353399000067, -6.847589392999964, 0.0 ], [ 109.14437053100005, -6.847602955999946, 0.0 ], [ 109.144394090000048, -6.847614151999949, 0.0 ], [ 109.144421214000033, -6.847621515999947, 0.0 ], [ 109.144456906000073, -6.847623657999975, 0.0 ], [ 109.144577573000049, -6.84762372299997, 0.0 ], [ 109.144800524000061, -6.847633480999946, 0.0 ], [ 109.144808190000049, -6.847633648999931, 0.0 ], [ 109.144867085000044, -6.847634939999978, 0.0 ], [ 109.144892069000036, -6.847633750999933, 0.0 ], [ 109.14490872600004, -6.847627801999977, 0.0 ], [ 109.144925382000054, -6.847615904999941, 0.0 ], [ 109.144942038000067, -6.847590919999959, 0.0 ], [ 109.144987248000064, -6.847469567999951, 0.0 ], [ 109.145049114000074, -6.847287538999979, 0.0 ], [ 109.145093457000087, -6.847166516999948, 0.0 ], [ 109.145103542000072, -6.847170349999942, 0.0 ], [ 109.145115565000083, -6.847134211999958, 0.0 ], [ 109.145150067000088, -6.847144324999931, 0.0 ], [ 109.145130437000034, -6.847203216999958, 0.0 ], [ 109.145102478000069, -6.847295420999956, 0.0 ], [ 109.145087548000049, -6.847339713999929, 0.0 ], [ 109.145084632000078, -6.84734836399997, 0.0 ], [ 109.145083366000051, -6.847353817999931, 0.0 ], [ 109.145076602000074, -6.84737751199998, 0.0 ], [ 109.145083970000087, -6.847390147999931, 0.0 ], [ 109.145099444000039, -6.847415345999934, 0.0 ], [ 109.145113721000087, -6.847431763999964, 0.0 ], [ 109.145128712000087, -6.847439615999974, 0.0 ], [ 109.145170114000052, -6.847447467999928, 0.0 ], [ 109.145418530000086, -6.847501005999959, 0.0 ], [ 109.145544879000056, -6.847524562999979, 0.0 ], [ 109.145644103000052, -6.847545263999962, 0.0 ], [ 109.145707635000065, -6.847563823999963, 0.0 ], [ 109.145707635000065, -6.847571675999973, 0.0 ], [ 109.145741185000077, -6.847582383999963, 0.0 ], [ 109.145747610000058, -6.847574531999953, 0.0 ], [ 109.145811141000081, -6.847589521999964, 0.0 ], [ 109.145851830000083, -6.847600229999955, 0.0 ], [ 109.145916314000033, -6.847607961999927, 0.0 ], [ 109.146021723000047, -6.847613078999927, 0.0 ], [ 109.146094535000088, -6.847620930999938, 0.0 ], [ 109.146146645000044, -6.847622358999956, 0.0 ], [ 109.146185906000085, -6.847623786999975, 0.0 ], [ 109.14629558200005, -6.847627169999953, 0.0 ], [ 109.146872570000085, -6.847646298999962, 0.0 ], [ 109.14692399900008, -6.847654580999972, 0.0 ], [ 109.146961833000034, -6.847659577999934, 0.0 ], [ 109.147071050000079, -6.847670998999945, 0.0 ], [ 109.147122446000083, -6.847678136999946, 0.0 ], [ 109.14719668500004, -6.847687416999975, 0.0 ], [ 109.147293767000065, -6.847698838999975, 0.0 ], [ 109.147371576000069, -6.847705262999966, 0.0 ], [ 109.147422972000072, -6.847708118999947, 0.0 ], [ 109.147490787000038, -6.847713114999976, 0.0 ], [ 109.147517830000083, -6.847716026999933, 0.0 ], [ 109.147583586000053, -6.847717397999929, 0.0 ], [ 109.14768566500004, -6.847723108999958, 0.0 ], [ 109.147769898000035, -6.847725250999929, 0.0 ], [ 109.147795596000037, -6.847724536999976, 0.0 ], [ 109.147815583000067, -6.847721681999928, 0.0 ], [ 109.147897675000081, -6.847705262999966, 0.0 ], [ 109.147935508000046, -6.847694555999965, 0.0 ], [ 109.148019027000089, -6.847681706999936, 0.0 ], [ 109.148118251000085, -6.847660290999954, 0.0 ], [ 109.148261018000085, -6.84762531299998, 0.0 ], [ 109.148408069000084, -6.84759390399995, 0.0 ], [ 109.148516572000062, -6.847569633999967, 0.0 ], [ 109.148573680000084, -6.847553215999937, 0.0 ], [ 109.148725727000055, -6.847513240999945, 0.0 ], [ 109.148852076000082, -6.847481831999971, 0.0 ], [ 109.149052704000042, -6.847430145999965, 0.0 ], [ 109.149059323000074, -6.847428010999977, 0.0 ], [ 109.149078363000058, -6.847421868999959, 0.0 ], [ 109.149097637000068, -6.847414730999958, 0.0 ], [ 109.149107631000049, -6.847412589999976, 0.0 ], [ 109.149110486000041, -6.847425438999949, 0.0 ], [ 109.149083360000077, -6.84743257699995, 0.0 ], [ 109.149082646000068, -6.84744471199997, 0.0 ], [ 109.14908446000004, -6.847452638999926, 0.0 ], [ 109.149084455000036, -6.847457436999946, 0.0 ], [ 109.149084439000035, -6.84747191699995, 0.0 ], [ 109.149084439000035, -6.847478341999931, 0.0 ], [ 109.149083011000073, -6.847486193999941, 0.0 ], [ 109.149081583000054, -6.84749547399997, 0.0 ], [ 109.149078728000063, -6.847504753999942, 0.0 ], [ 109.149075873000072, -6.84751117899998, 0.0 ], [ 109.149071590000062, -6.847519744999943, 0.0 ], [ 109.149068020000072, -6.847526882999944, 0.0 ], [ 109.149064451000072, -6.847534734999954, 0.0 ], [ 109.149058027000081, -6.847544728999935, 0.0 ], [ 109.149055171000043, -6.847551866999936, 0.0 ], [ 109.149055885000053, -6.847557577999964, 0.0 ], [ 109.149056599000062, -6.847567571999946, 0.0 ], [ 109.149060168000062, -6.847572568999965, 0.0 ], [ 109.149070162000044, -6.847576137999965, 0.0 ], [ 109.149075873000072, -6.847581134999928, 0.0 ], [ 109.149084439000035, -6.847586844999967, 0.0 ], [ 109.149089436000054, -6.847593983999957, 0.0 ], [ 109.149095146000036, -6.847600407999948, 0.0 ], [ 109.149102285000083, -6.847608260999948, 0.0 ], [ 109.149108709000075, -6.847611115999939, 0.0 ], [ 109.149114420000046, -6.847615398999949, 0.0 ], [ 109.149123745000054, -6.84762428099998, 0.0 ], [ 109.149135756000078, -6.847676756999931, 0.0 ], [ 109.149292477000074, -6.847670842999946, 0.0 ], [ 109.14933753400004, -6.847669142999962, 0.0 ], [ 109.149337340000045, -6.847649110999953, 0.0 ], [ 109.149342293000075, -6.847532085999944, 0.0 ], [ 109.149344197000062, -6.84750829099994, 0.0 ], [ 109.149346100000059, -6.8474864, 0.0 ], [ 109.149345148000066, -6.847461653999972, 0.0 ], [ 109.149348004000046, -6.847391221999942, 0.0 ], [ 109.149350859000037, -6.847349342999962, 0.0 ], [ 109.149352763000081, -6.847316982999928, 0.0 ], [ 109.149358775000053, -6.847238828999934, 0.0 ], [ 109.149362281000037, -6.847193250999965, 0.0 ], [ 109.149367039000083, -6.847131384999955, 0.0 ], [ 109.149367039000083, -6.84709616899994, 0.0 ], [ 109.149370847000057, -6.847069518999945, 0.0 ], [ 109.149372750000055, -6.847047627999927, 0.0 ], [ 109.149376557000039, -6.847030495999945, 0.0 ], [ 109.149379413000077, -6.84702288099993, 0.0 ], [ 109.149390834000087, -6.847020977999932, 0.0 ], [ 109.149401304000037, -6.847024784999974, 0.0 ], [ 109.149402255000041, -6.847040013999958, 0.0 ], [ 109.14939940000005, -6.847075229999973, 0.0 ], [ 109.149395593000065, -6.847109493999938, 0.0 ], [ 109.149391786000081, -6.847131384999955, 0.0 ], [ 109.149387979000039, -6.847154227999965, 0.0 ], [ 109.149384172000055, -6.847174214999939, 0.0 ], [ 109.149384172000055, -6.847195153999962, 0.0 ], [ 109.149384538000049, -6.84720356899993, 0.0 ], [ 109.149385123000059, -6.847217044999979, 0.0 ], [ 109.149389882000037, -6.847245598999962, 0.0 ], [ 109.149394641000072, -6.847265585999935, 0.0 ], [ 109.149406063000072, -6.847289380999939, 0.0 ], [ 109.149426050000045, -6.84730365799993, 0.0 ], [ 109.149448893000056, -6.847314126999947, 0.0 ], [ 109.14947268700007, -6.847325548999947, 0.0 ], [ 109.149507904000075, -6.847339825999939, 0.0 ], [ 109.149530746000039, -6.84734268099993, 0.0 ], [ 109.149561203000076, -6.847349342999962, 0.0 ], [ 109.149584046000086, -6.847357909999971, 0.0 ], [ 109.149611648000075, -6.84736266799996, 0.0 ], [ 109.149642105000055, -6.847366475999934, 0.0 ], [ 109.14966875500005, -6.847372185999973, 0.0 ], [ 109.149684768000043, -6.84737464899996, 0.0 ], [ 109.149813069000061, -6.847406813999953, 0.0 ], [ 109.149840433000065, -6.847411572999931, 0.0 ], [ 109.149883263000049, -6.847427039999957, 0.0 ], [ 109.149927284000057, -6.847435367999935, 0.0 ], [ 109.149974873000076, -6.847447264999971, 0.0 ], [ 109.150023652000073, -6.847457972999962, 0.0 ], [ 109.150067672000034, -6.84746630099994, 0.0 ], [ 109.150109312000041, -6.847477007999942, 0.0 ], [ 109.150143814000046, -6.847478197999976, 0.0 ], [ 109.15016760900005, -6.847478197999976, 0.0 ], [ 109.150192593000043, -6.847484146999932, 0.0 ], [ 109.150216388000047, -6.847485336999966, 0.0 ], [ 109.150234234000038, -6.847492474999967, 0.0 ], [ 109.150244942000086, -6.84749842399998, 0.0 ], [ 109.150261598000043, -6.847507940999947, 0.0 ], [ 109.150281823000057, -6.84751745899996, 0.0 ], [ 109.150300859000083, -6.847522217999938, 0.0 ], [ 109.150335361000089, -6.84752459799995, 0.0 ], [ 109.150369863000037, -6.847529356999928, 0.0 ], [ 109.150417452000056, -6.847536494999929, 0.0 ], [ 109.15044124700006, -6.847537684999963, 0.0 ], [ 109.150476939000043, -6.847541253999964, 0.0 ], [ 109.150517390000061, -6.847544822999964, 0.0 ], [ 109.150546062000046, -6.847547618999954, 0.0 ], [ 109.150576044000047, -6.847546904999945, 0.0 ], [ 109.150606739000068, -6.847548332999963, 0.0 ], [ 109.15063600600007, -6.847546904999945, 0.0 ], [ 109.150662418000081, -6.847544763999963, 0.0 ], [ 109.150683119000064, -6.847540480999953, 0.0 ], [ 109.150695255000073, -6.847534055999972, 0.0 ], [ 109.150713814000085, -6.847531200999981, 0.0 ], [ 109.150731660000076, -6.847531200999981, 0.0 ], [ 109.150755217000039, -6.847528344999944, 0.0 ], [ 109.150780201000089, -6.847529058999953, 0.0 ], [ 109.150834453000073, -6.847531200999981, 0.0 ], [ 109.150897271000076, -6.847526203999962, 0.0 ], [ 109.150945812000089, -6.847525489999953, 0.0 ], [ 109.150998636000054, -6.847522634999962, 0.0 ], [ 109.151048605000085, -6.847521920999952, 0.0 ], [ 109.15109857300007, -6.847523347999982, 0.0 ], [ 109.151142117000063, -6.847520492999934, 0.0 ], [ 109.151192086000037, -6.847519778999981, 0.0 ], [ 109.15125204800006, -6.847522634999962, 0.0 ], [ 109.151305586000035, -6.847523347999982, 0.0 ], [ 109.151357697000037, -6.847521920999952, 0.0 ], [ 109.151395530000059, -6.847519064999972, 0.0 ], [ 109.151427653000042, -6.847517637999943, 0.0 ], [ 109.151468341000054, -6.847516923999933, 0.0 ], [ 109.151520452000057, -6.847518351999952, 0.0 ], [ 109.151529732000085, -6.847519778999981, 0.0 ], [ 109.151555430000087, -6.847519778999981, 0.0 ], [ 109.151593263000052, -6.847524775999943, 0.0 ], [ 109.151633952000054, -6.847527631999981, 0.0 ], [ 109.151673927000047, -6.847530486999972, 0.0 ], [ 109.151718899000059, -6.847534055999972, 0.0 ], [ 109.151752449000071, -6.847535483999934, 0.0 ], [ 109.151784572000054, -6.847534055999972, 0.0 ], [ 109.151813839000056, -6.847531200999981, 0.0 ], [ 109.151837396000076, -6.847528344999944, 0.0 ], [ 109.151855956000077, -6.847519778999981, 0.0 ], [ 109.151873802000068, -6.847511926999971, 0.0 ], [ 109.151893789000042, -6.84750121899998, 0.0 ], [ 109.151915204000034, -6.84748979799997, 0.0 ], [ 109.151922914000068, -6.847485942999981, 0.0 ], [ 109.151946613000064, -6.847479090999968, 0.0 ], [ 109.151970170000084, -6.84747694899994, 0.0 ], [ 109.152015855000059, -6.84748480099995, 0.0 ], [ 109.152060827000071, -6.847494794999932, 0.0 ], [ 109.152095805000044, -6.847506215999942, 0.0 ], [ 109.152110082000036, -6.847516209999981, 0.0 ], [ 109.152131497000084, -6.847524775999943, 0.0 ], [ 109.152162192000048, -6.847531914999934, 0.0 ], [ 109.152190032000078, -6.847536197999943, 0.0 ], [ 109.152220013000033, -6.847538338999925, 0.0 ], [ 109.152274979000083, -6.847545476999926, 0.0 ], [ 109.152305674000047, -6.847554756999955, 0.0 ], [ 109.152356356000041, -6.847559039999965, 0.0 ], [ 109.152389193000033, -6.847559039999965, 0.0 ], [ 109.152422743000045, -6.847558326999945, 0.0 ], [ 109.152469857000085, -6.847554756999955, 0.0 ], [ 109.15250769000005, -6.847551187999954, 0.0 ], [ 109.152560514000072, -6.847549046999973, 0.0 ], [ 109.152587640000036, -6.847549760999925, 0.0 ], [ 109.152611910000076, -6.847554756999955, 0.0 ], [ 109.152647602000059, -6.847556898999926, 0.0 ], [ 109.152680439000051, -6.847556898999926, 0.0 ], [ 109.152713275000053, -6.847559039999965, 0.0 ], [ 109.152738974000044, -6.847562609999954, 0.0 ], [ 109.152766099000075, -6.847562609999954, 0.0 ], [ 109.152793939000048, -6.847560467999926, 0.0 ], [ 109.15281606800005, -6.847554043999935, 0.0 ], [ 109.152837483000042, -6.847550473999945, 0.0 ], [ 109.152864609000062, -6.847552615999973, 0.0 ], [ 109.152880314000072, -6.847554756999955, 0.0 ], [ 109.152897446000054, -6.847554043999935, 0.0 ], [ 109.152939562000086, -6.847556898999926, 0.0 ], [ 109.152976682000087, -6.847556184999974, 0.0 ], [ 109.15301308800008, -6.847553329999926, 0.0 ], [ 109.153046638000035, -6.847544763999963, 0.0 ], [ 109.153050921000045, -6.847544763999963, 0.0 ], [ 109.153080902000056, -6.847539766999944, 0.0 ], [ 109.153117308000049, -6.847536910999963, 0.0 ], [ 109.15315871100006, -6.847526203999962, 0.0 ], [ 109.153194402000054, -6.847518351999952, 0.0 ], [ 109.153216531000055, -6.847511212999962, 0.0 ], [ 109.153234377000047, -6.847502646999942, 0.0 ], [ 109.153249368000047, -6.84748908399996, 0.0 ], [ 109.153262217000076, -6.847472665999931, 0.0 ], [ 109.153270069000087, -6.847454819999939, 0.0 ], [ 109.153274352000039, -6.847429121999937, 0.0 ], [ 109.153276494000067, -6.847409133999975, 0.0 ], [ 109.153276494000067, -6.847382721999963, 0.0 ], [ 109.153275066000049, -6.847353454999961, 0.0 ], [ 109.153275066000049, -6.847317762999978, 0.0 ], [ 109.153270783000039, -6.847292778999929, 0.0 ], [ 109.153266500000086, -6.847278501999938, 0.0 ], [ 109.153258648000076, -6.847246378999955, 0.0 ], [ 109.153257934000067, -6.847234243999935, 0.0 ], [ 109.153255793000085, -6.847215683999934, 0.0 ], [ 109.153257934000067, -6.847207117999972, 0.0 ], [ 109.153271790000076, -6.847201800999926, 0.0 ], [ 109.153284346000078, -6.84720069399998, 0.0 ], [ 109.153290771000059, -6.847205689999953, 0.0 ], [ 109.153295054000068, -6.847214969999925, 0.0 ], [ 109.153297909000059, -6.847227105999934, 0.0 ], [ 109.153307729000062, -6.847248708999928, 0.0 ], [ 109.153312186000051, -6.847258513999975, 0.0 ], [ 109.153325749000032, -6.847283498999957, 0.0 ], [ 109.153339312000071, -6.84729991699993, 0.0 ], [ 109.153362868000045, -6.84731562199994, 0.0 ], [ 109.153401416000065, -6.847324187999959, 0.0 ], [ 109.153445674000068, -6.847320617999969, 0.0 ], [ 109.153484221000042, -6.847317048999969, 0.0 ], [ 109.153523482000082, -6.84731205199995, 0.0 ], [ 109.153563457000075, -6.847297775999948, 0.0 ], [ 109.153591297000048, -6.847280642999976, 0.0 ], [ 109.153617709000059, -6.847265652999965, 0.0 ], [ 109.153639124000051, -6.847255658999927, 0.0 ], [ 109.153659825000034, -6.847244237999973, 0.0 ], [ 109.153677671000082, -6.847226391999925, 0.0 ], [ 109.153684809000083, -6.847210686999972, 0.0 ], [ 109.153685523000036, -6.847187130999941, 0.0 ], [ 109.153681835000043, -6.847153555999967, 0.0 ], [ 109.153676481000048, -6.847135115999947, 0.0 ], [ 109.15367172200007, -6.847100018999981, 0.0 ], [ 109.153668748000086, -6.847082766999961, 0.0 ], [ 109.153669938000064, -6.847069679999947, 0.0 ], [ 109.153672912000047, -6.84706551599993, 0.0 ], [ 109.153681746000075, -6.847064762999935, 0.0 ], [ 109.153687784000056, -6.847068490999959, 0.0 ], [ 109.153691948000073, -6.847075033999943, 0.0 ], [ 109.153696112000034, -6.847088120999956, 0.0 ], [ 109.153697650000083, -6.847104729999955, 0.0 ], [ 109.153699086000074, -6.847120243999939, 0.0 ], [ 109.153703250000035, -6.847144038999943, 0.0 ], [ 109.153703418000077, -6.847148243999925, 0.0 ], [ 109.153709556000081, -6.847170331999962, 0.0 ], [ 109.153712768000048, -6.847176755999953, 0.0 ], [ 109.15372775700007, -6.847188659999972, 0.0 ], [ 109.153741464000063, -6.847193553999944, 0.0 ], [ 109.153760357000067, -6.847195196999962, 0.0 ], [ 109.153793075000067, -6.847189842999967, 0.0 ], [ 109.153829362000067, -6.847191032999945, 0.0 ], [ 109.153857320000043, -6.847195196999962, 0.0 ], [ 109.153892417000066, -6.847197575999928, 0.0 ], [ 109.15391621200007, -6.847193411999967, 0.0 ], [ 109.153937627000062, -6.847185083999932, 0.0 ], [ 109.153951309000036, -6.847176755999953, 0.0 ], [ 109.153966181000044, -6.847173186999953, 0.0 ], [ 109.153990570000076, -6.847169022999935, 0.0 ], [ 109.154024894000088, -6.847161408999966, 0.0 ], [ 109.154043930000057, -6.847154745999944, 0.0 ], [ 109.154061062000039, -6.847143324999934, 0.0 ], [ 109.154079146000072, -6.84713, 0.0 ], [ 109.15409247100007, -6.84712048199998, 0.0 ], [ 109.154098181000052, -6.847109060999969, 0.0 ], [ 109.154100085000039, -6.847093831999928, 0.0 ], [ 109.154100085000039, -6.847079554999937, 0.0 ], [ 109.154098181000052, -6.847075747999952, 0.0 ], [ 109.154116265000084, -6.847070988999974, 0.0 ], [ 109.154138156000045, -6.847128095999949, 0.0 ], [ 109.154149578000045, -6.847131902999934, 0.0 ], [ 109.154174324000053, -6.84713, 0.0 ], [ 109.154191456000035, -6.847128095999949, 0.0 ], [ 109.154199070000061, -6.847154745999944, 0.0 ], [ 109.154236190000063, -6.847149986999966, 0.0 ], [ 109.154357067000035, -6.847116674999938, 0.0 ], [ 109.154362777000074, -6.847127143999955, 0.0 ], [ 109.154467474000057, -6.847097638999969, 0.0 ], [ 109.154457956000044, -6.847074795999958, 0.0 ], [ 109.154509352000048, -6.847055760999979, 0.0 ], [ 109.154519822000054, -6.847051952999948, 0.0 ], [ 109.154518870000061, -6.847040531999937, 0.0 ], [ 109.154574073000049, -6.847017688999927, 0.0 ], [ 109.154583591000062, -6.847036724999953, 0.0 ], [ 109.154693046000034, -6.847001508999938, 0.0 ], [ 109.154700661000049, -6.847023399999955, 0.0 ], [ 109.154779659000042, -6.846997701999953, 0.0 ], [ 109.154791080000052, -6.847029110999927, 0.0 ], [ 109.154885307000086, -6.847000556999944, 0.0 ], [ 109.154922427000088, -6.846986279999953, 0.0 ], [ 109.154962401000034, -6.846971051999958, 0.0 ], [ 109.154983341000047, -6.846961533999945, 0.0 ], [ 109.154994762000058, -6.84695772699996, 0.0 ], [ 109.155002376000084, -6.84694630499996, 0.0 ], [ 109.155004280000071, -6.846932979999963, 0.0 ], [ 109.155003555000064, -6.84692464699998, 0.0 ], [ 109.154992366000045, -6.846879272999956, 0.0 ], [ 109.154974902000049, -6.846808454999973, 0.0 ], [ 109.154980612000088, -6.846797985999956, 0.0 ], [ 109.154987751000078, -6.846792274999927, 0.0 ], [ 109.154993937000086, -6.84679037099994, 0.0 ], [ 109.155000124000082, -6.846790846999966, 0.0 ], [ 109.155004407000035, -6.846792274999927, 0.0 ], [ 109.155007233000049, -6.846795440999927, 0.0 ], [ 109.155016052000065, -6.8468161399999, 0.0 ], [ 109.155032597000059, -6.846872705999942, 0.0 ], [ 109.155050505000077, -6.846917307999945, 0.0 ], [ 109.155057167000052, -6.846926825999958, 0.0 ], [ 109.155069541000046, -6.846937294999975, 0.0 ], [ 109.155084769000041, -6.846943005999947, 0.0 ], [ 109.155089353000051, -6.846946339999931, 0.0 ], [ 109.155104747000053, -6.846953654999936, 0.0 ], [ 109.155134346000068, -6.846955302999959, 0.0 ], [ 109.155140924000079, -6.846953475999953, 0.0 ], [ 109.155169478000062, -6.846948716999975, 0.0 ], [ 109.155199935000041, -6.846947764999925, 0.0 ], [ 109.155223730000046, -6.846946812999931, 0.0 ], [ 109.155268464000073, -6.846943005999947, 0.0 ], [ 109.155301776000044, -6.846936342999925, 0.0 ], [ 109.155342703000088, -6.846931583999947, 0.0 ], [ 109.155346510000072, -6.846930632999943, 0.0 ], [ 109.155366497000045, -6.846926825999958, 0.0 ], [ 109.155391244000043, -6.846917307999945, 0.0 ], [ 109.155411231000073, -6.84691064499998, 0.0 ], [ 109.155422653000073, -6.846907789999932, 0.0 ], [ 109.155442640000047, -6.846901126999967, 0.0 ], [ 109.155455965000044, -6.846893512999941, 0.0 ], [ 109.155462628000066, -6.846889705999956, 0.0 ], [ 109.155460724000079, -6.846875428999965, 0.0 ], [ 109.155458820000035, -6.846857344999933, 0.0 ], [ 109.15545215800006, -6.846844019999935, 0.0 ], [ 109.155449303000069, -6.846833550999975, 0.0 ], [ 109.155449303000069, -6.846820225999977, 0.0 ], [ 109.155455965000044, -6.846809755999971, 0.0 ], [ 109.155459475000043, -6.846806246999961, 0.0 ], [ 109.155460565000055, -6.846793654999942, 0.0 ], [ 109.155455212000049, -6.846775213999933, 0.0 ], [ 109.155441645000053, -6.846737422999979, 0.0 ], [ 109.155428510000036, -6.846700835999968, 0.0 ], [ 109.155417140000054, -6.846655050999971, 0.0 ], [ 109.155417140000054, -6.84664493899993, 0.0 ], [ 109.155422494000049, -6.846637799999939, 0.0 ], [ 109.155433796000068, -6.846631256999956, 0.0 ], [ 109.155440935000058, -6.846628876999944, 0.0 ], [ 109.155446289000054, -6.846630661999939, 0.0 ], [ 109.155449263000037, -6.846637799999939, 0.0 ], [ 109.155455798000048, -6.8466524899999, 0.0 ], [ 109.155465919000051, -6.846696691999966, 0.0 ], [ 109.155477838000081, -6.846700048999935, 0.0 ], [ 109.155492142000071, -6.846710227999949, 0.0 ], [ 109.155523654000035, -6.846713385999976, 0.0 ], [ 109.155529570000056, -6.846728814999949, 0.0 ], [ 109.155533980000087, -6.84673322499998, 0.0 ], [ 109.155537898000034, -6.846737142999928, 0.0 ], [ 109.155552175000082, -6.846744280999928, 0.0 ], [ 109.155577159000075, -6.84673952199995, 0.0 ], [ 109.155615825000041, -6.846729409999966, 0.0 ], [ 109.155643784000063, -6.846719891999953, 0.0 ], [ 109.155797676000077, -6.846664699999963, 0.0 ], [ 109.15586335200004, -6.846641159999933, 0.0 ], [ 109.155863349000072, -6.846625438999979, 0.0 ], [ 109.155864776000044, -6.84661615899995, 0.0 ], [ 109.155868346000034, -6.846599026999968, 0.0 ], [ 109.155870487000072, -6.846584035999967, 0.0 ], [ 109.155870487000072, -6.846564762999947, 0.0 ], [ 109.155869565000046, -6.846531949999928, 0.0 ], [ 109.155862354000078, -6.846500538999976, 0.0 ], [ 109.15585423400006, -6.846468640999944, 0.0 ], [ 109.155847855000047, -6.846439062999934, 0.0 ], [ 109.155846024000084, -6.846429969999974, 0.0 ], [ 109.155845074000069, -6.846424541999966, 0.0 ], [ 109.15583633600005, -6.84637461899996, 0.0 ], [ 109.155836835000059, -6.846370626999942, 0.0 ], [ 109.155839735000086, -6.846363086999929, 0.0 ], [ 109.155844566000042, -6.846359742999937, 0.0 ], [ 109.155852870000047, -6.84635941099998, 0.0 ], [ 109.155858245000047, -6.846360893999929, 0.0 ], [ 109.155864134000069, -6.846373096999969, 0.0 ], [ 109.155867703000069, -6.84639094299996, 0.0 ], [ 109.155874364000056, -6.846424247999948, 0.0 ], [ 109.155876269000089, -6.846433772999944, 0.0 ], [ 109.155894115000081, -6.846504442999958, 0.0 ], [ 109.155897684000081, -6.846514436999939, 0.0 ], [ 109.155905537000081, -6.846516578999967, 0.0 ], [ 109.155926238000063, -6.846509439999977, 0.0 ], [ 109.155951936000065, -6.846502301999976, 0.0 ], [ 109.155990483000039, -6.846498732999976, 0.0 ], [ 109.156055443000071, -6.846486596999966, 0.0 ], [ 109.156084710000073, -6.846475889999965, 0.0 ], [ 109.156128254000066, -6.846459471999935, 0.0 ], [ 109.156163946000049, -6.846451618999936, 0.0 ], [ 109.156200352000042, -6.846444480999935, 0.0 ], [ 109.156228191000082, -6.846434486999954, 0.0 ], [ 109.156245324000054, -6.846422351999934, 0.0 ], [ 109.156248179000045, -6.846410216999971, 0.0 ], [ 109.156243182000082, -6.846385231999932, 0.0 ], [ 109.156228312000053, -6.846332348999965, 0.0 ], [ 109.156222512000056, -6.846316689999981, 0.0 ], [ 109.15621414900005, -6.84628526299997, 0.0 ], [ 109.156215287000066, -6.846267489999946, 0.0 ], [ 109.156223539000052, -6.846261668999944, 0.0 ], [ 109.156229472000064, -6.846260432999941, 0.0 ], [ 109.156236623000041, -6.846263213999976, 0.0 ], [ 109.156247409000059, -6.846301961999927, 0.0 ], [ 109.156251629000053, -6.846317119999981, 0.0 ], [ 109.156255198000053, -6.846330682999962, 0.0 ], [ 109.156263764000073, -6.846347814999945, 0.0 ], [ 109.156273044000045, -6.846359950999954, 0.0 ], [ 109.156283752000036, -6.846364233999964, 0.0 ], [ 109.156301598000084, -6.846356380999964, 0.0 ], [ 109.156318730000066, -6.846347101999982, 0.0 ], [ 109.156337290000067, -6.846342818999972, 0.0 ], [ 109.156358705000059, -6.846345673999963, 0.0 ], [ 109.156387258000052, -6.846347101999982, 0.0 ], [ 109.156414384000072, -6.846345673999963, 0.0 ], [ 109.156446507000055, -6.846331396999972, 0.0 ], [ 109.156448649000083, -6.846330682999962, 0.0 ], [ 109.156465067000056, -6.846325685999943, 0.0 ], [ 109.156476488000067, -6.84632069, 0.0 ], [ 109.15649290600004, -6.84630926799997, 0.0 ], [ 109.156505756000058, -6.84629713299995, 0.0 ], [ 109.15652288800004, -6.84627785899994, 0.0 ], [ 109.156532168000069, -6.846271434999949, 0.0 ], [ 109.156541447000052, -6.846259298999939, 0.0 ], [ 109.156546444000071, -6.846254302999967, 0.0 ], [ 109.156599268000036, -6.846221465999974, 0.0 ], [ 109.156626394000057, -6.846210757999927, 0.0 ], [ 109.156647096000086, -6.846198622999964, 0.0 ], [ 109.156624967000084, -6.846157933999962, 0.0 ], [ 109.156632105000085, -6.84614794099997, 0.0 ], [ 109.156587133000073, -6.846062993999965, 0.0 ], [ 109.156591767000066, -6.846057920999954, 0.0 ], [ 109.156589599000085, -6.846053591999976, 0.0 ], [ 109.156586634000064, -6.846047670999951, 0.0 ], [ 109.156584533000057, -6.846042663999981, 0.0 ], [ 109.156574641000077, -6.846027158999959, 0.0 ], [ 109.156572856000082, -6.846019663999925, 0.0 ], [ 109.156579638000039, -6.846013595999977, 0.0 ], [ 109.156587490000049, -6.846008598999958, 0.0 ], [ 109.156593558000054, -6.846009312999968, 0.0 ], [ 109.156597589000057, -6.846013461999974, 0.0 ], [ 109.156602838000083, -6.846023589999959, 0.0 ], [ 109.156612831000075, -6.846042863999969, 0.0 ], [ 109.156616401000065, -6.84605000199997, 0.0 ], [ 109.15662246800008, -6.846063564999952, 0.0 ], [ 109.156628195000053, -6.846072870999933, 0.0 ], [ 109.156631034000043, -6.846077484999967, 0.0 ], [ 109.156634960000076, -6.846081767999976, 0.0 ], [ 109.156641742000033, -6.846086407999962, 0.0 ], [ 109.156659159000071, -6.846091047999948, 0.0 ], [ 109.156672722000053, -6.84609318899993, 0.0 ], [ 109.156694137000045, -6.846091047999948, 0.0 ], [ 109.156720550000045, -6.846085336999977, 0.0 ], [ 109.156747675000076, -6.846081053999967, 0.0 ], [ 109.156770518000087, -6.846077484999967, 0.0 ], [ 109.156788364000079, -6.846071059999929, 0.0 ], [ 109.15681049300008, -6.846061779999957, 0.0 ], [ 109.156837619000044, -6.846046075999936, 0.0 ], [ 109.156870456000036, -6.846039650999955, 0.0 ], [ 109.156898295000076, -6.846030371999973, 0.0 ], [ 109.156914, -6.846019663999925, 0.0 ], [ 109.15693255900004, -6.846007528999962, 0.0 ], [ 109.156959685000061, -6.845996106999962, 0.0 ], [ 109.156980387000033, -6.845987540999943, 0.0 ], [ 109.156988953000052, -6.845977547999951, 0.0 ], [ 109.156991094000034, -6.845966125999951, 0.0 ], [ 109.156988239000043, -6.845953990999931, 0.0 ], [ 109.156975909000039, -6.845935255999962, 0.0 ], [ 109.15695631300008, -6.845893855999975, 0.0 ], [ 109.156938709000087, -6.845866586999932, 0.0 ], [ 109.156930513000077, -6.845853890999933, 0.0 ], [ 109.156932655000048, -6.845843896999952, 0.0 ], [ 109.156941221000068, -6.84583818599998, 0.0 ], [ 109.156951928000069, -6.84584175599997, 0.0 ], [ 109.156968347000088, -6.845847465999952, 0.0 ], [ 109.156989021000072, -6.845853826999928, 0.0 ], [ 109.157007608000072, -6.845859601999962, 0.0 ], [ 109.157025454000063, -6.845859601999962, 0.0 ], [ 109.157038303000036, -6.845858887999952, 0.0 ], [ 109.157054007000056, -6.845855318999952, 0.0 ], [ 109.157069712000066, -6.84584960799998, 0.0 ], [ 109.15709683700004, -6.84583104799998, 0.0 ], [ 109.157131102000051, -6.84581391599994, 0.0 ], [ 109.157158228000071, -6.845801066999968, 0.0 ], [ 109.157184640000082, -6.845786789999977, 0.0 ], [ 109.157228898000085, -6.845756094999956, 0.0 ], [ 109.15725887900004, -6.845738962999974, 0.0 ], [ 109.157283863000089, -6.845701842999972, 0.0 ], [ 109.157288860000051, -6.845686852999961, 0.0 ], [ 109.157294571000079, -6.845666864999941, 0.0 ], [ 109.157300281000062, -6.84564045299993, 0.0 ], [ 109.157300281000062, -6.845619751999948, 0.0 ], [ 109.15729814000008, -6.845611185999928, 0.0 ], [ 109.15728957400006, -6.845607616999928, 0.0 ], [ 109.157261020000078, -6.845602619999966, 0.0 ], [ 109.157258537000075, -6.845611488999964, 0.0 ], [ 109.15724055700008, -6.845611488999964, 0.0 ], [ 109.157231406000051, -6.845614532999946, 0.0 ], [ 109.157221997000079, -6.845620417999953, 0.0 ], [ 109.157214947000057, -6.845621886999936, 0.0 ], [ 109.157205501000078, -6.845621627999947, 0.0 ], [ 109.157198773000061, -6.845620077999968, 0.0 ], [ 109.157183450000048, -6.845611375999965, 0.0 ], [ 109.157174884000085, -6.845603761999939, 0.0 ], [ 109.157168221000063, -6.845595671999945, 0.0 ], [ 109.15716584200004, -6.845587105999925, 0.0 ], [ 109.157168221000063, -6.845577587999969, 0.0 ], [ 109.15717012500005, -6.84554998599998, 0.0 ], [ 109.157165986000052, -6.845534940999926, 0.0 ], [ 109.157163159000049, -6.845524361999935, 0.0 ], [ 109.157165766000048, -6.84552296499993, 0.0 ], [ 109.157168063000086, -6.845520416999932, 0.0 ], [ 109.157179008000071, -6.845520892999957, 0.0 ], [ 109.157187574000034, -6.845522796999944, 0.0 ], [ 109.15719804400004, -6.845525651999935, 0.0 ], [ 109.157213272000035, -6.845529458999977, 0.0 ], [ 109.157223742000042, -6.845529458999977, 0.0 ], [ 109.157235639000078, -6.845527079999954, 0.0 ], [ 109.157259434000082, -6.845523272999969, 0.0 ], [ 109.157274187000041, -6.845518513999934, 0.0 ], [ 109.157290367000087, -6.845512326999938, 0.0 ], [ 109.157306547000076, -6.845504712999968, 0.0 ], [ 109.157323679000058, -6.845490435999977, 0.0 ], [ 109.157339384000068, -6.845475207999925, 0.0 ], [ 109.157353661000059, -6.845467116999941, 0.0 ], [ 109.157363178000082, -6.845461406999959, 0.0 ], [ 109.157381738000083, -6.845445225999981, 0.0 ], [ 109.157386973000087, -6.845429521999961, 0.0 ], [ 109.157386973000087, -6.845417624999925, 0.0 ], [ 109.157384118000039, -6.845404299999927, 0.0 ], [ 109.157381738000083, -6.845389546999968, 0.0 ], [ 109.15738364200007, -6.845367655999951, 0.0 ], [ 109.157385545000068, -6.84535337899996, 0.0 ], [ 109.157390780000071, -6.845339101999969, 0.0 ], [ 109.157391732000065, -6.845338150999964, 0.0 ], [ 109.157395063000081, -6.845326252999939, 0.0 ], [ 109.157396491000043, -6.845324349999942, 0.0 ], [ 109.157397919000061, -6.84531435599996, 0.0 ], [ 109.157397919000061, -6.845304361999979, 0.0 ], [ 109.157392684000058, -6.845283422999955, 0.0 ], [ 109.157391732000065, -6.845268193999971, 0.0 ], [ 109.157390780000071, -6.845257248999928, 0.0 ], [ 109.157385545000068, -6.845238212999959, 0.0 ], [ 109.157337480000081, -6.84513304099994, 0.0 ], [ 109.157324255000049, -6.845106590999933, 0.0 ], [ 109.157318445000044, -6.845094969999934, 0.0 ], [ 109.157308451000063, -6.845074505999946, 0.0 ], [ 109.157304708000083, -6.845061102999978, 0.0 ], [ 109.157304173000057, -6.845054151999932, 0.0 ], [ 109.157301788000041, -6.845034055999974, 0.0 ], [ 109.157301788000041, -6.845028820999971, 0.0 ], [ 109.157307106000076, -6.845025556999929, 0.0 ], [ 109.157312258000047, -6.845025488999966, 0.0 ], [ 109.157320507000065, -6.84502645799995, 0.0 ], [ 109.157323186000042, -6.845029470999975, 0.0 ], [ 109.157326621000038, -6.845044209999969, 0.0 ], [ 109.157329866000055, -6.845062132999942, 0.0 ], [ 109.157347344000073, -6.845092719999968, 0.0 ], [ 109.157348902000081, -6.845095445999959, 0.0 ], [ 109.157370317000073, -6.845142082999928, 0.0 ], [ 109.157376979000048, -6.845153503999938, 0.0 ], [ 109.157384594000064, -6.845163973999945, 0.0 ], [ 109.157393160000083, -6.845170160999942, 0.0 ], [ 109.157405057000062, -6.845173967999926, 0.0 ], [ 109.157411719000038, -6.845177774999968, 0.0 ], [ 109.157424093000088, -6.845181581999952, 0.0 ], [ 109.157437894000054, -6.845181105999927, 0.0 ], [ 109.157459785000071, -6.845180153999934, 0.0 ], [ 109.157479772000045, -6.845173967999926, 0.0 ], [ 109.157500235000043, -6.845166828999936, 0.0 ], [ 109.157517368000072, -6.845161594999979, 0.0 ], [ 109.157531644000073, -6.845158262999973, 0.0 ], [ 109.157542590000048, -6.845154931999957, 0.0 ], [ 109.157579709000061, -6.845134944999927, 0.0 ], [ 109.157604456000058, -6.845118287999981, 0.0 ], [ 109.157627775000037, -6.84510258399996, 0.0 ], [ 109.157694043000049, -6.845060173999968, 0.0 ], [ 109.157723072000067, -6.845035903999928, 0.0 ], [ 109.157734969000046, -6.845023529999935, 0.0 ], [ 109.157742108000036, -6.845014012999968, 0.0 ], [ 109.157745915000078, -6.845005921999928, 0.0 ], [ 109.157749081000077, -6.84499068699995, 0.0 ], [ 109.157741156000043, -6.844921688999932, 0.0 ], [ 109.157738905000087, -6.844902482999942, 0.0 ], [ 109.157734017000053, -6.844860774999972, 0.0 ], [ 109.157732114000055, -6.844826034999926, 0.0 ], [ 109.157736873000033, -6.844820323999954, 0.0 ], [ 109.157747818000075, -6.844818896999925, 0.0 ], [ 109.15775876400005, -6.844820323999954, 0.0 ], [ 109.157762571000035, -6.844826510999951, 0.0 ], [ 109.157766378000076, -6.844844594999927, 0.0 ], [ 109.157774427000049, -6.844903233999958, 0.0 ], [ 109.157776372000058, -6.844917405999979, 0.0 ], [ 109.157783034000033, -6.844962615999975, 0.0 ], [ 109.157785414000045, -6.844973085999925, 0.0 ], [ 109.157798739000043, -6.844981651999944, 0.0 ], [ 109.157812064000041, -6.844979747999957, 0.0 ], [ 109.157826341000089, -6.844980223999926, 0.0 ], [ 109.157837762000042, -6.844986410999979, 0.0 ], [ 109.157854894000081, -6.845003542999962, 0.0 ], [ 109.157863936000069, -6.845011632999956, 0.0 ], [ 109.157883924000089, -6.845013060999975, 0.0 ], [ 109.157905339000081, -6.845011632999956, 0.0 ], [ 109.157927230000041, -6.845013536999943, 0.0 ], [ 109.157937699000058, -6.84501972299995, 0.0 ], [ 109.157949597000083, -6.84502828899997, 0.0 ], [ 109.157971964000069, -6.84503257199998, 0.0 ], [ 109.157985623000059, -6.845031521999942, 0.0 ], [ 109.15801517500006, -6.845023561999938, 0.0 ], [ 109.158036114000083, -6.845016899999962, 0.0 ], [ 109.158073233000039, -6.844995008999945, 0.0 ], [ 109.158099883000034, -6.844975972999976, 0.0 ], [ 109.158122726000045, -6.844956936999949, 0.0 ], [ 109.158142714000064, -6.844942659999958, 0.0 ], [ 109.158159846000046, -6.844931238999948, 0.0 ], [ 109.158170315000064, -6.844924576999972, 0.0 ], [ 109.158175074000042, -6.844913154999972, 0.0 ], [ 109.158164605000081, -6.844866517999947, 0.0 ], [ 109.158192206000081, -6.844852240999955, 0.0 ], [ 109.15818859400008, -6.844824439999968, 0.0 ], [ 109.158167650000053, -6.844741241999941, 0.0 ], [ 109.158159718000036, -6.844709734999981, 0.0 ], [ 109.158159596000075, -6.844707286999949, 0.0 ], [ 109.158164235000072, -6.844691627999964, 0.0 ], [ 109.158167669000079, -6.844687137999927, 0.0 ], [ 109.15818078500007, -6.844685535999929, 0.0 ], [ 109.158190065000042, -6.844686249999938, 0.0 ], [ 109.158197203000043, -6.84469695699994, 0.0 ], [ 109.158200773000033, -6.84471194799994, 0.0 ], [ 109.158208250000087, -6.844739345999926, 0.0 ], [ 109.158211213000072, -6.844750203999979, 0.0 ], [ 109.158217071000081, -6.844769558999928, 0.0 ], [ 109.158230992000085, -6.844802485999935, 0.0 ], [ 109.158239320000064, -6.844808434999948, 0.0 ], [ 109.158248838000077, -6.844809029999965, 0.0 ], [ 109.158267278000039, -6.844806649999953, 0.0 ], [ 109.158286314000065, -6.844801891999964, 0.0 ], [ 109.158309514000052, -6.844795347999934, 0.0 ], [ 109.158329739000067, -6.844789993999939, 0.0 ], [ 109.158394572000077, -6.84476318399993, 0.0 ], [ 109.158423480000067, -6.844749043999968, 0.0 ], [ 109.15844899800004, -6.84473802499997, 0.0 ], [ 109.158475677000069, -6.844721205999974, 0.0 ], [ 109.158501195000042, -6.844702066999957, 0.0 ], [ 109.158529033000036, -6.844685827999967, 0.0 ], [ 109.158562091000078, -6.844671328999937, 0.0 ], [ 109.158569541000077, -6.844667170999969, 0.0 ], [ 109.158575121000069, -6.844655802999966, 0.0 ], [ 109.158574526000052, -6.844644499999958, 0.0 ], [ 109.158566198000074, -6.844625463999932, 0.0 ], [ 109.158560844000078, -6.844615351999948, 0.0 ], [ 109.158555491000072, -6.844601669999975, 0.0 ], [ 109.158554301000038, -6.844586797999966, 0.0 ], [ 109.158554301000038, -6.84457490099993, 0.0 ], [ 109.15855311100006, -6.844563597999979, 0.0 ], [ 109.158552516000043, -6.844555269999944, 0.0 ], [ 109.15854954200006, -6.844543372999965, 0.0 ], [ 109.158532824000076, -6.844517953999969, 0.0 ], [ 109.158493945000089, -6.844451694999975, 0.0 ], [ 109.158487935000039, -6.844443410999929, 0.0 ], [ 109.158484221000037, -6.844427458999974, 0.0 ], [ 109.158484649000059, -6.84442086599995, 0.0 ], [ 109.158486862000075, -6.844414493999977, 0.0 ], [ 109.158497793000038, -6.84440849899994, 0.0 ], [ 109.158507884000073, -6.84440824, 0.0 ], [ 109.158519799000032, -6.844416666999962, 0.0 ], [ 109.15853407600008, -6.844445814999972, 0.0 ], [ 109.15857225600007, -6.844496860999925, 0.0 ], [ 109.158588803000043, -6.844518983999933, 0.0 ], [ 109.158602485000074, -6.84453861399993, 0.0 ], [ 109.158615572000087, -6.844547536999926, 0.0 ], [ 109.158632823000062, -6.844555269999944, 0.0 ], [ 109.15864769500007, -6.844553485999938, 0.0 ], [ 109.15867386900004, -6.844543967999925, 0.0 ], [ 109.158691120000071, -6.844532070999946, 0.0 ], [ 109.158707181000068, -6.844521362999956, 0.0 ], [ 109.158722648000037, -6.84451600899996, 0.0 ], [ 109.158739304000051, -6.844515413999943, 0.0 ], [ 109.158757745000059, -6.844526716999951, 0.0 ], [ 109.158770237000056, -6.84453801899997, 0.0 ], [ 109.158779160000051, -6.844551700999943, 0.0 ], [ 109.158783324000069, -6.844561218999957, 0.0 ], [ 109.158792842000082, -6.844565382999974, 0.0 ], [ 109.158820801000047, -6.844555864999961, 0.0 ], [ 109.158833888000061, -6.84454872699996, 0.0 ], [ 109.158842216000039, -6.844539803999965, 0.0 ], [ 109.158858277000036, -6.844529690999934, 0.0 ], [ 109.158873149000044, -6.844522552999933, 0.0 ], [ 109.158901107000077, -6.844505301999959, 0.0 ], [ 109.15890765100005, -6.844488050999928, 0.0 ], [ 109.158912410000084, -6.844472583999959, 0.0 ], [ 109.158922523000058, -6.84446068699998, 0.0 ], [ 109.158951671000068, -6.844442840999932, 0.0 ], [ 109.158952861000046, -6.844442245999971, 0.0 ], [ 109.158974276000038, -6.844441055999937, 0.0 ], [ 109.158990932000052, -6.844442245999971, 0.0 ], [ 109.159009968000078, -6.844443435999949, 0.0 ], [ 109.159023055000034, -6.844439271999931, 0.0 ], [ 109.159033167000075, -6.844429753999975, 0.0 ], [ 109.159029003000057, -6.844417261999979, 0.0 ], [ 109.159014727000056, -6.844371456999966, 0.0 ], [ 109.158971414000064, -6.844269431999976, 0.0 ], [ 109.158961189000081, -6.84424534599998, 0.0 ], [ 109.158955138000067, -6.844232162999958, 0.0 ], [ 109.158956452000041, -6.844226510999931, 0.0 ], [ 109.158962847000055, -6.844220115999974, 0.0 ], [ 109.158969834000061, -6.844219080999949, 0.0 ], [ 109.158980224000061, -6.844226904999971, 0.0 ], [ 109.158989742000074, -6.844240586999945, 0.0 ], [ 109.159003975000076, -6.844271008999954, 0.0 ], [ 109.159037332000082, -6.844342308999956, 0.0 ], [ 109.159048634000044, -6.844363723999948, 0.0 ], [ 109.159056962000079, -6.844378594999966, 0.0 ], [ 109.159062911000035, -6.844385733999957, 0.0 ], [ 109.159069454000075, -6.844389897999974, 0.0 ], [ 109.15909741300004, -6.84439227699994, 0.0 ], [ 109.159143218000054, -6.844387517999962, 0.0 ], [ 109.159181884000077, -6.844379784999944, 0.0 ], [ 109.159203894000086, -6.844369671999971, 0.0 ], [ 109.159215791000065, -6.844364318999965, 0.0 ], [ 109.159232447000079, -6.844363723999948, 0.0 ], [ 109.159265165000079, -6.844358369999952, 0.0 ], [ 109.159288960000083, -6.844347661999961, 0.0 ], [ 109.159307400000046, -6.844335169999965, 0.0 ], [ 109.159329410000055, -6.844331600999965, 0.0 ], [ 109.159352015000081, -6.844328031999964, 0.0 ], [ 109.159359749000089, -6.844319703999929, 0.0 ], [ 109.159359154000072, -6.844306021999955, 0.0 ], [ 109.159354990000054, -6.844292339999981, 0.0 ], [ 109.159353205000059, -6.844276872999956, 0.0 ], [ 109.159347851000064, -6.844264975999977, 0.0 ], [ 109.159313349000058, -6.844273303999955, 0.0 ], [ 109.159186643000055, -6.844307210999943, 0.0 ], [ 109.159162253000034, -6.844314944999951, 0.0 ], [ 109.15914857100006, -6.844319703999929, 0.0 ], [ 109.159142028000076, -6.844318513999951, 0.0 ], [ 109.159138459000076, -6.844309590999956, 0.0 ], [ 109.159140838000042, -6.844300072999943, 0.0 ], [ 109.15914857100006, -6.844291744999964, 0.0 ], [ 109.159162733000073, -6.84428612499994, 0.0 ], [ 109.159184868000068, -6.844279771999936, 0.0 ], [ 109.159248258000048, -6.84426157799993, 0.0 ], [ 109.159308852000038, -6.84424667899998, 0.0 ], [ 109.159332506000055, -6.844241216999933, 0.0 ], [ 109.159342724000055, -6.844239254999934, 0.0 ], [ 109.159327571000063, -6.844180227999971, 0.0 ], [ 109.159326158000056, -6.844174724999959, 0.0 ], [ 109.159415998000043, -6.844155090999948, 0.0 ], [ 109.159422557000084, -6.844169181999973, 0.0 ], [ 109.15943087900007, -6.844187057999932, 0.0 ], [ 109.15943493900005, -6.844198657999925, 0.0 ], [ 109.159448858000076, -6.844213156999956, 0.0 ], [ 109.159458137000058, -6.844218955999963, 0.0 ], [ 109.159473217000084, -6.844223595999949, 0.0 ], [ 109.159528313000067, -6.844218955999963, 0.0 ], [ 109.159586310000066, -6.844203876999927, 0.0 ], [ 109.159604436000052, -6.844204039999966, 0.0 ], [ 109.159622401000036, -6.844206847999942, 0.0 ], [ 109.159638106000045, -6.84420542, 0.0 ], [ 109.159668801000066, -6.84420542, 0.0 ], [ 109.159688074000087, -6.844198281999979, 0.0 ], [ 109.159698068000068, -6.844191142999932, 0.0 ], [ 109.159706634000088, -6.844180435999931, 0.0 ], [ 109.159718056000088, -6.844164017999958, 0.0 ], [ 109.159725908000041, -6.844151881999949, 0.0 ], [ 109.159733760000051, -6.844147598999939, 0.0 ], [ 109.159743754000033, -6.844151167999939, 0.0 ], [ 109.159750178000081, -6.844159733999959, 0.0 ], [ 109.159755175000043, -6.84417829399996, 0.0 ], [ 109.159758031000081, -6.844200422999961, 0.0 ], [ 109.159762314000034, -6.844227548999982, 0.0 ], [ 109.159767621000071, -6.844238644999962, 0.0 ], [ 109.159777401000042, -6.844244368999966, 0.0 ], [ 109.159783015000073, -6.844244680999964, 0.0 ], [ 109.159795864000046, -6.844241111999963, 0.0 ], [ 109.159810855000046, -6.844234686999926, 0.0 ], [ 109.159834411000077, -6.844225407999943, 0.0 ], [ 109.159851543000059, -6.844217554999943, 0.0 ], [ 109.159864393000078, -6.844216127999971, 0.0 ], [ 109.15988580800007, -6.844220410999981, 0.0 ], [ 109.159891518000052, -6.844223265999972, 0.0 ], [ 109.159904367000081, -6.844230403999973, 0.0 ], [ 109.159922213000073, -6.844236828999954, 0.0 ], [ 109.159940773000073, -6.844237542999963, 0.0 ], [ 109.159966471000075, -6.844231831999934, 0.0 ], [ 109.159989314000086, -6.844221124999933, 0.0 ], [ 109.160005733000048, -6.844207561999951, 0.0 ], [ 109.160010729000078, -6.844192570999951, 0.0 ], [ 109.160022865000087, -6.844183290999979, 0.0 ], [ 109.160040711000079, -6.844179007999969, 0.0 ], [ 109.160069978000081, -6.844174724999959, 0.0 ], [ 109.160093535000044, -6.844173296999941, 0.0 ], [ 109.160117805000084, -6.844171869999968, 0.0 ], [ 109.160149214000057, -6.84417401099995, 0.0 ], [ 109.160180623000088, -6.844173296999941, 0.0 ], [ 109.160213459000033, -6.84416972799994, 0.0 ], [ 109.160243441000034, -6.844160447999968, 0.0 ], [ 109.160256290000063, -6.844144029999939, 0.0 ], [ 109.160258163000037, -6.844119890999934, 0.0 ], [ 109.16026092900006, -6.84400156099997, 0.0 ], [ 109.160261949000073, -6.843999450999945, 0.0 ], [ 109.160264951000045, -6.843993243999932, 0.0 ], [ 109.160269115000062, -6.843989673999943, 0.0 ], [ 109.16027684800008, -6.843989673999943, 0.0 ], [ 109.160282202000076, -6.843991458999938, 0.0 ], [ 109.160284369000067, -6.844020029999967, 0.0 ], [ 109.160286366000037, -6.844053919999965, 0.0 ], [ 109.160287556000071, -6.844065816999944, 0.0 ], [ 109.160289857000066, -6.844074561999946, 0.0 ], [ 109.160290530000054, -6.844077119999952, 0.0 ], [ 109.160300643000085, -6.844090206999965, 0.0 ], [ 109.160319679000054, -6.844101508999927, 0.0 ], [ 109.160336335000068, -6.84411102699994, 0.0 ], [ 109.160364294000033, -6.844119949999936, 0.0 ], [ 109.160397011000043, -6.844130062999966, 0.0 ], [ 109.160442816000057, -6.844140769999967, 0.0 ], [ 109.160518958000068, -6.844155641999976, 0.0 ] ] ] } },
{ "type": "Feature", "properties": { "OBJECTID": 3361.0, "NAMOBJ": "Tegal Selatan", "METADATA": "TASWIL1000020260612KECAMATAN_AR", "KDBBPS": null, "KDCPUM": "33.76.03", "KDPKAB": "33.76", "KDPPUM": "33", "LUASWH": 6.5160151874804528, "TIPADM": 3.0, "WADMKC": "Tegal Selatan", "WADMKK": "Kota Tegal", "WADMPR": "Jawa Tengah" }, "geometry": { "type": "Polygon", "coordinates": [ [ [ 109.136328, -6.873299000999964, 0.0 ], [ 109.136286, -6.874507, 0.0 ], [ 109.136295, -6.875000000999933, 0.0 ], [ 109.136301, -6.875326, 0.0 ], [ 109.136296, -6.875526000999969, 0.0 ], [ 109.136254, -6.877433, 0.0 ], [ 109.136251, -6.877553, 0.0 ], [ 109.136225001000071, -6.878812, 0.0 ], [ 109.136212803000035, -6.879397478999977, 0.0 ], [ 109.136205, -6.879772000999935, 0.0 ], [ 109.1362, -6.879988, 0.0 ], [ 109.136197, -6.880147, 0.0 ], [ 109.136024787000053, -6.884117027999935, 0.0 ], [ 109.133912322000072, -6.88406697399995, 0.0 ], [ 109.133798999000078, -6.884383000999946, 0.0 ], [ 109.133634001000075, -6.884920000999955, 0.0 ], [ 109.133530645000064, -6.885338886999932, 0.0 ], [ 109.133462616000088, -6.885314153999957, 0.0 ], [ 109.13339043700006, -6.885287911999967, 0.0 ], [ 109.133325537000076, -6.885270806999927, 0.0 ], [ 109.133215734000089, -6.88524186799998, 0.0 ], [ 109.132920566000053, -6.885164075999967, 0.0 ], [ 109.132881194000049, -6.885154321999948, 0.0 ], [ 109.132855791000054, -6.885244799999953, 0.0 ], [ 109.132821936000084, -6.885365380999929, 0.0 ], [ 109.132660704000045, -6.886043532999963, 0.0 ], [ 109.132600489000083, -6.886138985999935, 0.0 ], [ 109.132464841000058, -6.886395614999969, 0.0 ], [ 109.132350372000076, -6.886592522999933, 0.0 ], [ 109.132290148000038, -6.886672121999936, 0.0 ], [ 109.132278188000043, -6.886687928999947, 0.0 ], [ 109.132245042000079, -6.886747603999936, 0.0 ], [ 109.132229906000077, -6.886792397999955, 0.0 ], [ 109.132229370000061, -6.886798047999946, 0.0 ], [ 109.132226785000057, -6.886825277999947, 0.0 ], [ 109.132229181000071, -6.886867516999928, 0.0 ], [ 109.132232383000087, -6.88692397799997, 0.0 ], [ 109.132251912000072, -6.88728587199995, 0.0 ], [ 109.132274667000047, -6.887587973999928, 0.0 ], [ 109.132274386000063, -6.887659738999957, 0.0 ], [ 109.13226521100006, -6.887710536999975, 0.0 ], [ 109.132101382000087, -6.888287010999932, 0.0 ], [ 109.132722427000033, -6.888463372999979, 0.0 ], [ 109.132552406000059, -6.889251627999954, 0.0 ], [ 109.132444898000074, -6.889219227999945, 0.0 ], [ 109.132386565000047, -6.889413978999926, 0.0 ], [ 109.13228027200006, -6.889742086999945, 0.0 ], [ 109.132170300000041, -6.890092599999946, 0.0 ], [ 109.132368790000044, -6.890136522999967, 0.0 ], [ 109.132211529000074, -6.890905050999947, 0.0 ], [ 109.132299906000071, -6.890924611999935, 0.0 ], [ 109.132684966000056, -6.89100745099995, 0.0 ], [ 109.132706090000056, -6.891065126999933, 0.0 ], [ 109.132724281000037, -6.891114794999964, 0.0 ], [ 109.132741215000067, -6.891161029999978, 0.0 ], [ 109.132779971000048, -6.891197063999925, 0.0 ], [ 109.132810497000037, -6.891213848999939, 0.0 ], [ 109.132774214000051, -6.891341021999949, 0.0 ], [ 109.132749992000072, -6.891425918999971, 0.0 ], [ 109.132697397000072, -6.891408967999951, 0.0 ], [ 109.132630492000033, -6.891625097999963, 0.0 ], [ 109.132610121000084, -6.891690904999962, 0.0 ], [ 109.132539656000063, -6.891958553999928, 0.0 ], [ 109.132493, -6.89195316799993, 0.0 ], [ 109.13236908600004, -6.892692562999969, 0.0 ], [ 109.131877357000064, -6.892615020999926, 0.0 ], [ 109.131736449000073, -6.893251229999976, 0.0 ], [ 109.131708933000084, -6.893359588999942, 0.0 ], [ 109.131598734000079, -6.893793552999966, 0.0 ], [ 109.131595123000068, -6.893806039999959, 0.0 ], [ 109.131479277000039, -6.893784306999976, 0.0 ], [ 109.13147699600006, -6.893755591999934, 0.0 ], [ 109.131472331000055, -6.893724474999942, 0.0 ], [ 109.131429357000059, -6.893695600999934, 0.0 ], [ 109.131338491000065, -6.893671322999978, 0.0 ], [ 109.131333442000084, -6.893738284999927, 0.0 ], [ 109.130730867000068, -6.893613703999961, 0.0 ], [ 109.13064939700007, -6.893596859999946, 0.0 ], [ 109.130622457000072, -6.893752246999952, 0.0 ], [ 109.130678454000076, -6.893780750999952, 0.0 ], [ 109.130892407000033, -6.893889657999978, 0.0 ], [ 109.130970939000065, -6.894007181999939, 0.0 ], [ 109.131332007000083, -6.894104282999933, 0.0 ], [ 109.131258340000045, -6.894426593999981, 0.0 ], [ 109.131217828000047, -6.894603840999935, 0.0 ], [ 109.130908368000064, -6.894544598999971, 0.0 ], [ 109.130779858000039, -6.894527515999926, 0.0 ], [ 109.130669127000033, -6.894507437999948, 0.0 ], [ 109.130580673000054, -6.894866005999972, 0.0 ], [ 109.130511875000082, -6.895093827999972, 0.0 ], [ 109.130470544000048, -6.895256333999953, 0.0 ], [ 109.130322682000042, -6.895727014999977, 0.0 ], [ 109.129770626000038, -6.895499986999937, 0.0 ], [ 109.129679037000074, -6.895659903999956, 0.0 ], [ 109.129260867000085, -6.895474067999942, 0.0 ], [ 109.129084084000056, -6.895869485999981, 0.0 ], [ 109.129072471000086, -6.89586757, 0.0 ], [ 109.128824307000059, -6.89582663799996, 0.0 ], [ 109.128872791000049, -6.895671336999953, 0.0 ], [ 109.128892372000053, -6.895561372999964, 0.0 ], [ 109.12890965400004, -6.895427478999977, 0.0 ], [ 109.128917208000075, -6.895377504999942, 0.0 ], [ 109.128921941000044, -6.895346192999966, 0.0 ], [ 109.128902488000051, -6.895255901999974, 0.0 ], [ 109.128936985000053, -6.895004857999936, 0.0 ], [ 109.128968637000071, -6.894868627999927, 0.0 ], [ 109.128274915000077, -6.894753475999948, 0.0 ], [ 109.128184744000066, -6.895162184999947, 0.0 ], [ 109.128000553000049, -6.895130364999943, 0.0 ], [ 109.127835437000044, -6.895117755999934, 0.0 ], [ 109.127803139000036, -6.895284771999968, 0.0 ], [ 109.12778940700008, -6.895355784999936, 0.0 ], [ 109.127784127000041, -6.895383086999971, 0.0 ], [ 109.12781016200006, -6.895396658999971, 0.0 ], [ 109.127927456000066, -6.895457805999968, 0.0 ], [ 109.127903635000052, -6.89555029, 0.0 ], [ 109.128207236000037, -6.89565195199998, 0.0 ], [ 109.128107678000049, -6.896012780999968, 0.0 ], [ 109.127861421000034, -6.89593765799998, 0.0 ], [ 109.127716626000051, -6.89623611199994, 0.0 ], [ 109.127561178000065, -6.896199618999958, 0.0 ], [ 109.127481360000047, -6.896409817999938, 0.0 ], [ 109.127531486000066, -6.896445896999978, 0.0 ], [ 109.127329080000038, -6.896705819999966, 0.0 ], [ 109.127319771000089, -6.896717774999956, 0.0 ], [ 109.127107226000078, -6.896636284999943, 0.0 ], [ 109.126818, -6.896522, 0.0 ], [ 109.126824406000082, -6.896496118999949, 0.0 ], [ 109.126893, -6.896219, 0.0 ], [ 109.12685969000006, -6.896205864999956, 0.0 ], [ 109.126556752000056, -6.896086403999959, 0.0 ], [ 109.126374781000038, -6.896014645999969, 0.0 ], [ 109.126363, -6.89601, 0.0 ], [ 109.126359551000064, -6.896025060999932, 0.0 ], [ 109.12634769400006, -6.896076834999974, 0.0 ], [ 109.126243, -6.896534, 0.0 ], [ 109.12602, -6.896488, 0.0 ], [ 109.125977, -6.896476, 0.0 ], [ 109.125942569000074, -6.896469669999931, 0.0 ], [ 109.12594142100005, -6.896469458999945, 0.0 ], [ 109.125878964000037, -6.896787743999937, 0.0 ], [ 109.12584882200008, -6.896780231999969, 0.0 ], [ 109.125701824000089, -6.896746045999976, 0.0 ], [ 109.125514008000039, -6.896702367999978, 0.0 ], [ 109.125408743000037, -6.89668760099994, 0.0 ], [ 109.12534656400004, -6.896673003999979, 0.0 ], [ 109.125226956000063, -6.896653396999966, 0.0 ], [ 109.125097763000042, -6.896636143999956, 0.0 ], [ 109.125094318000038, -6.89667243599996, 0.0 ], [ 109.125092769000048, -6.896688751999932, 0.0 ], [ 109.124920425000084, -6.896688074999929, 0.0 ], [ 109.124923636000062, -6.896566529999973, 0.0 ], [ 109.124926049000067, -6.896475193999947, 0.0 ], [ 109.124763280000082, -6.896474553999951, 0.0 ], [ 109.124729881000064, -6.896445716999949, 0.0 ], [ 109.124491098000078, -6.896296463999931, 0.0 ], [ 109.124414162000051, -6.896382279999955, 0.0 ], [ 109.124459444000081, -6.896432693999941, 0.0 ], [ 109.124538152000071, -6.896504767999943, 0.0 ], [ 109.124595531000068, -6.896557609999945, 0.0 ], [ 109.124621630000036, -6.896581645999959, 0.0 ], [ 109.124657413000079, -6.896612883999978, 0.0 ], [ 109.124719347000052, -6.896689676999927, 0.0 ], [ 109.124750323000058, -6.896725681999953, 0.0 ], [ 109.124778878000086, -6.896768852999969, 0.0 ], [ 109.124785918000043, -6.896804762999977, 0.0 ], [ 109.124795408000068, -6.896826329999953, 0.0 ], [ 109.124804945000051, -6.896835935999945, 0.0 ], [ 109.124812022000071, -6.896862277999958, 0.0 ], [ 109.124811919000081, -6.896888590999936, 0.0 ], [ 109.124789256000042, -6.897173170999963, 0.0 ], [ 109.124826632000065, -6.897407750999946, 0.0 ], [ 109.124853, -6.897697, 0.0 ], [ 109.124041300000044, -6.897732299999973, 0.0 ], [ 109.124028170000088, -6.897990197999945, 0.0 ], [ 109.12393789500004, -6.89796896699994, 0.0 ], [ 109.123896126000034, -6.897956232999945, 0.0 ], [ 109.123799674000054, -6.897926827999981, 0.0 ], [ 109.123603609000043, -6.897871036999959, 0.0 ], [ 109.123518100000069, -6.897849, 0.0 ], [ 109.123239100000035, -6.897735799999964, 0.0 ], [ 109.122928, -6.897616, 0.0 ], [ 109.122656, -6.898216, 0.0 ], [ 109.122551314000077, -6.898586517999945, 0.0 ], [ 109.122448443000053, -6.898571759999925, 0.0 ], [ 109.122444148000056, -6.898600668999961, 0.0 ], [ 109.122386677000065, -6.898987520999981, 0.0 ], [ 109.122382, -6.899019, 0.0 ], [ 109.122122, -6.898977, 0.0 ], [ 109.121574400000043, -6.899037, 0.0 ], [ 109.12156987700007, -6.899052306999977, 0.0 ], [ 109.121568503000049, -6.899056956999971, 0.0 ], [ 109.121569009000041, -6.899063363999971, 0.0 ], [ 109.121565806000035, -6.899079975999939, 0.0 ], [ 109.121558572000083, -6.89911749099997, 0.0 ], [ 109.121531829000048, -6.899256174999948, 0.0 ], [ 109.121520644000043, -6.899342801999978, 0.0 ], [ 109.121512642000084, -6.899404774999937, 0.0 ], [ 109.12150095700008, -6.899495277999961, 0.0 ], [ 109.121497978000036, -6.899518348999948, 0.0 ], [ 109.12149639900008, -6.89953057799994, 0.0 ], [ 109.121496186000059, -6.899532223999927, 0.0 ], [ 109.121494400000074, -6.899546061999956, 0.0 ], [ 109.121491580000054, -6.89956789699994, 0.0 ], [ 109.121490357000084, -6.899577374999978, 0.0 ], [ 109.121487037000065, -6.899591034999958, 0.0 ], [ 109.12146652000007, -6.899675456999944, 0.0 ], [ 109.121438933000036, -6.89978896599996, 0.0 ], [ 109.121410220000087, -6.899907107999979, 0.0 ], [ 109.121401080000055, -6.899944718999961, 0.0 ], [ 109.121394341000041, -6.899972444999946, 0.0 ], [ 109.12123325500005, -6.899928301999978, 0.0 ], [ 109.121111065000036, -6.89989481799995, 0.0 ], [ 109.121137895000061, -6.899727541999937, 0.0 ], [ 109.121028121000052, -6.899672972999952, 0.0 ], [ 109.121024433000059, -6.899661766999941, 0.0 ], [ 109.121019711000088, -6.899645003999979, 0.0 ], [ 109.120781914000077, -6.899550580999971, 0.0 ], [ 109.12058984500004, -6.899455101999934, 0.0 ], [ 109.120414620000076, -6.899314017999927, 0.0 ], [ 109.120377094000048, -6.899256018999949, 0.0 ], [ 109.120164243000033, -6.899184240999944, 0.0 ], [ 109.120182227000043, -6.898991894999938, 0.0 ], [ 109.120183718000078, -6.898975943999972, 0.0 ], [ 109.120267913000077, -6.898754752999935, 0.0 ], [ 109.120281398000088, -6.898697188999961, 0.0 ], [ 109.120387349000055, -6.898687027999927, 0.0 ], [ 109.120479414000044, -6.898675776999937, 0.0 ], [ 109.120480035000071, -6.898707539999975, 0.0 ], [ 109.120548099000075, -6.89869829099996, 0.0 ], [ 109.120608349000065, -6.898688360999927, 0.0 ], [ 109.120925502000034, -6.898690702999943, 0.0 ], [ 109.120981364000045, -6.898684445999947, 0.0 ], [ 109.121023532000038, -6.898676190999936, 0.0 ], [ 109.121030920000067, -6.898623591999979, 0.0 ], [ 109.121033371000067, -6.898609248999946, 0.0 ], [ 109.121035849000066, -6.898587728999928, 0.0 ], [ 109.121026388000075, -6.898558985999955, 0.0 ], [ 109.121019263000051, -6.898544604999927, 0.0 ], [ 109.121009764000064, -6.8985254299999, 0.0 ], [ 109.120990237000058, -6.898518534999937, 0.0 ], [ 109.120869935000087, -6.898502314999973, 0.0 ], [ 109.12085115900004, -6.898495657999945, 0.0 ], [ 109.120844454000064, -6.898491330999946, 0.0 ], [ 109.120838083000081, -6.898482010999942, 0.0 ], [ 109.120837077000033, -6.898472025999979, 0.0 ], [ 109.120843448000073, -6.898458378999976, 0.0 ], [ 109.120850284000085, -6.898451075999958, 0.0 ], [ 109.120855328000061, -6.898445686999935, 0.0 ], [ 109.120857551000086, -6.898443312999973, 0.0 ], [ 109.120853, -6.898407, 0.0 ], [ 109.120850400000052, -6.8983137, 0.0 ], [ 109.120777833000034, -6.898230566999928, 0.0 ], [ 109.120761190000053, -6.898201794999977, 0.0 ], [ 109.120762, -6.898146399999973, 0.0 ], [ 109.120746739000083, -6.89804234199994, 0.0 ], [ 109.120692041000041, -6.897734249999928, 0.0 ], [ 109.12058150200005, -6.897649441999931, 0.0 ], [ 109.120605900000044, -6.897522699999968, 0.0 ], [ 109.120446066000056, -6.897415501999944, 0.0 ], [ 109.120526258000041, -6.897308934999955, 0.0 ], [ 109.120541625000044, -6.897220249999975, 0.0 ], [ 109.120567830000084, -6.897069015999932, 0.0 ], [ 109.120572551000066, -6.8970417699999, 0.0 ], [ 109.120426983000073, -6.896941081999955, 0.0 ], [ 109.120352902000036, -6.896968041999969, 0.0 ], [ 109.120279262000054, -6.896944724999969, 0.0 ], [ 109.120238147000066, -6.896931706999965, 0.0 ], [ 109.120250615000089, -6.896804970999938, 0.0 ], [ 109.120133420000059, -6.896780587999956, 0.0 ], [ 109.120079646000079, -6.897062651999931, 0.0 ], [ 109.119959537000057, -6.897046811999928, 0.0 ], [ 109.119903384000054, -6.897400466999954, 0.0 ], [ 109.119878075000088, -6.897559866999927, 0.0 ], [ 109.11982843800007, -6.897872489999941, 0.0 ], [ 109.119764289000045, -6.898121138999954, 0.0 ], [ 109.119691253000042, -6.898308358999941, 0.0 ], [ 109.119662726000058, -6.898381484999959, 0.0 ], [ 109.119431675000044, -6.89837409699993, 0.0 ], [ 109.119200794000051, -6.898367703999952, 0.0 ], [ 109.119210942000052, -6.898343762999957, 0.0 ], [ 109.119225465000056, -6.898303152999972, 0.0 ], [ 109.119057751000071, -6.898239423999939, 0.0 ], [ 109.118926201000079, -6.898189436999928, 0.0 ], [ 109.118811973000049, -6.898146031999943, 0.0 ], [ 109.118812285000047, -6.898144553999941, 0.0 ], [ 109.118858322000051, -6.897926135999967, 0.0 ], [ 109.118787578000081, -6.897910207999928, 0.0 ], [ 109.118741942000042, -6.897899932999962, 0.0 ], [ 109.118609597000045, -6.897870134999948, 0.0 ], [ 109.118561336000084, -6.897849052999959, 0.0 ], [ 109.118534552000085, -6.897837351999954, 0.0 ], [ 109.118493908000062, -6.897819597999955, 0.0 ], [ 109.118462944000044, -6.897806070999934, 0.0 ], [ 109.118400141000052, -6.897778635999941, 0.0 ], [ 109.118384282000079, -6.897771708999926, 0.0 ], [ 109.118369413000039, -6.897765212999957, 0.0 ], [ 109.11834986100007, -6.897756671999957, 0.0 ], [ 109.11833271100005, -6.897749179999948, 0.0 ], [ 109.118319626000073, -6.897743463999973, 0.0 ], [ 109.118308740000089, -6.897738707999963, 0.0 ], [ 109.118298095000057, -6.897734057999969, 0.0 ], [ 109.118288190000044, -6.89772973099997, 0.0 ], [ 109.118282794000038, -6.897727373999942, 0.0 ], [ 109.118279087000076, -6.897725754999954, 0.0 ], [ 109.118276291000086, -6.897724542999981, 0.0 ], [ 109.118275519000065, -6.897724195999956, 0.0 ], [ 109.118274641000085, -6.897723811999981, 0.0 ], [ 109.118273547000058, -6.897723334999966, 0.0 ], [ 109.118272783000066, -6.897723000999974, 0.0 ], [ 109.118271875000062, -6.897722603999966, 0.0 ], [ 109.118270195000036, -6.897721869999941, 0.0 ], [ 109.118269628000064, -6.897721621999949, 0.0 ], [ 109.118268314000034, -6.897721047999937, 0.0 ], [ 109.118255939000051, -6.89771564199998, 0.0 ], [ 109.118150349000075, -6.898036392999927, 0.0 ], [ 109.118079800000089, -6.898250699999949, 0.0 ], [ 109.117699491000053, -6.89825585799997, 0.0 ], [ 109.117698588000053, -6.898255869999957, 0.0 ], [ 109.117688724000061, -6.898256183999933, 0.0 ], [ 109.117653429000086, -6.89828788899996, 0.0 ], [ 109.117666777000068, -6.898461582999971, 0.0 ], [ 109.117659882000055, -6.898620667999978, 0.0 ], [ 109.117763037000088, -6.898973738999928, 0.0 ], [ 109.117816300000072, -6.899141150999981, 0.0 ], [ 109.117957058000059, -6.899583572999973, 0.0 ], [ 109.11809025000008, -6.899966441999936, 0.0 ], [ 109.118096642000069, -6.900022304999936, 0.0 ], [ 109.117435243000045, -6.900051940999958, 0.0 ], [ 109.116666399000053, -6.900168514999962, 0.0 ], [ 109.116626520000068, -6.899962630999937, 0.0 ], [ 109.116336885000067, -6.899961487999974, 0.0 ], [ 109.116336803000081, -6.89979481599994, 0.0 ], [ 109.115936274000035, -6.899755464999942, 0.0 ], [ 109.115477540000086, -6.899641341999939, 0.0 ], [ 109.115380220000077, -6.89960283299996, 0.0 ], [ 109.115265466000039, -6.899566496999967, 0.0 ], [ 109.115167410000083, -6.8995445799999, 0.0 ], [ 109.115052580000054, -6.899527380999928, 0.0 ], [ 109.114686517000052, -6.899468572999979, 0.0 ], [ 109.114436591000072, -6.899428422999961, 0.0 ], [ 109.114202125000077, -6.899398790999953, 0.0 ], [ 109.114197925000042, -6.899250459999962, 0.0 ], [ 109.114172570000051, -6.899003967999931, 0.0 ], [ 109.114169987000082, -6.898998438999968, 0.0 ], [ 109.114113230000044, -6.898876948999941, 0.0 ], [ 109.114102692000074, -6.898865909999927, 0.0 ], [ 109.114053634000072, -6.898814516999948, 0.0 ], [ 109.114054389000046, -6.898776003999956, 0.0 ], [ 109.114059633000068, -6.898508343999936, 0.0 ], [ 109.114079095000079, -6.898429479999947, 0.0 ], [ 109.114086987000064, -6.898389813999927, 0.0 ], [ 109.114103137000086, -6.89834815599994, 0.0 ], [ 109.11403643500006, -6.89832166399998, 0.0 ], [ 109.113938399000062, -6.898294962999955, 0.0 ], [ 109.113833258000057, -6.898249096999962, 0.0 ], [ 109.113773558000048, -6.898212977999947, 0.0 ], [ 109.11362538700007, -6.898152587999959, 0.0 ], [ 109.113190176000046, -6.898040828999967, 0.0 ], [ 109.113166221000085, -6.898045517999947, 0.0 ], [ 109.11314462100006, -6.898059785999976, 0.0 ], [ 109.113125368000055, -6.898086022999962, 0.0 ], [ 109.11311095800005, -6.898097926999981, 0.0 ], [ 109.113091752000059, -6.898112203999972, 0.0 ], [ 109.113074902000051, -6.898136058999967, 0.0 ], [ 109.113060473000075, -6.898152746999926, 0.0 ], [ 109.113058735000038, -6.898156186999927, 0.0 ], [ 109.113048410000033, -6.898176620999948, 0.0 ], [ 109.11304113500006, -6.898200513999939, 0.0 ], [ 109.113041021000072, -6.898229218999973, 0.0 ], [ 109.113047275000042, -6.898265125999956, 0.0 ], [ 109.113012155000035, -6.898264986999948, 0.0 ], [ 109.112918849000039, -6.898252657999933, 0.0 ], [ 109.112772931000052, -6.898228158999927, 0.0 ], [ 109.112670060000085, -6.898213398999928, 0.0 ], [ 109.112543215000073, -6.898208112999953, 0.0 ], [ 109.112502400000039, -6.898205597999947, 0.0 ], [ 109.112169889000086, -6.898185106999961, 0.0 ], [ 109.111727024000061, -6.898192922999954, 0.0 ], [ 109.111334450000072, -6.898173474999965, 0.0 ], [ 109.111015187000078, -6.898157658999935, 0.0 ], [ 109.110992302000056, -6.898156524999933, 0.0 ], [ 109.110980921000078, -6.898156479999955, 0.0 ], [ 109.110214363000068, -6.898153444999934, 0.0 ], [ 109.109661399000061, -6.898158430999956, 0.0 ], [ 109.109465062000083, -6.898172005999925, 0.0 ], [ 109.109139496000068, -6.898177892999968, 0.0 ], [ 109.108538774000067, -6.89815398199994, 0.0 ], [ 109.108547921000081, -6.898261665999939, 0.0 ], [ 109.108411492000073, -6.898258732999977, 0.0 ], [ 109.108419643000047, -6.898008430999937, 0.0 ], [ 109.107874021000043, -6.897979111999973, 0.0 ], [ 109.107867428000077, -6.897869441999944, 0.0 ], [ 109.107177020000051, -6.897857389999956, 0.0 ], [ 109.107164297000054, -6.897857167999973, 0.0 ], [ 109.10703563800007, -6.897856657999967, 0.0 ], [ 109.107026710000071, -6.897844661999954, 0.0 ], [ 109.107029820000037, -6.897814771999947, 0.0 ], [ 109.107035911000082, -6.897787884999957, 0.0 ], [ 109.107036018000088, -6.897760973999937, 0.0 ], [ 109.107048129000077, -6.897725138999931, 0.0 ], [ 109.107069169000056, -6.897701300999927, 0.0 ], [ 109.107093271000053, -6.897659533999956, 0.0 ], [ 109.10711434600006, -6.897626725999942, 0.0 ], [ 109.107138449000047, -6.897584958999971, 0.0 ], [ 109.107165568000084, -6.897537222999972, 0.0 ], [ 109.107192675000078, -6.897492477999947, 0.0 ], [ 109.107215775000043, -6.897442632999969, 0.0 ], [ 109.107225872000072, -6.897420844999942, 0.0 ], [ 109.107237983000061, -6.897385010999926, 0.0 ], [ 109.107238137000081, -6.897346138999978, 0.0 ], [ 109.10723530000007, -6.897307255999976, 0.0 ], [ 109.107235442000047, -6.897271373999956, 0.0 ], [ 109.107232966000083, -6.897250034999956, 0.0 ], [ 109.107226763000085, -6.897196584999961, 0.0 ], [ 109.107214925000051, -6.897163645999967, 0.0 ], [ 109.107191119000049, -6.89713065899997, 0.0 ], [ 109.107128642000077, -6.897040705999927, 0.0 ], [ 109.107095836000042, -6.897013663999928, 0.0 ], [ 109.107060027000045, -6.896989600999973, 0.0 ], [ 109.107024300000035, -6.896944605999977, 0.0 ], [ 109.107009518000041, -6.896899694999945, 0.0 ], [ 109.107009684000047, -6.896857832999956, 0.0 ], [ 109.10702178300005, -6.896824988999981, 0.0 ], [ 109.107037005000052, -6.896759264999957, 0.0 ], [ 109.107278577000045, -6.896739019999927, 0.0 ], [ 109.107598500000051, -6.89671220799994, 0.0 ], [ 109.107655631000057, -6.896697576999941, 0.0 ], [ 109.107703341000047, -6.896685357999957, 0.0 ], [ 109.107701090000035, -6.896649466999975, 0.0 ], [ 109.107706342000085, -6.896532272999934, 0.0 ], [ 109.107766212000058, -6.896525333999932, 0.0 ], [ 109.10784527900006, -6.896506509999938, 0.0 ], [ 109.107926776000056, -6.896478126999966, 0.0 ], [ 109.108015455000043, -6.896449772999972, 0.0 ], [ 109.108101627000053, -6.896450113999947, 0.0 ], [ 109.108102059000089, -6.896372251999935, 0.0 ], [ 109.108107381000082, -6.896309851999945, 0.0 ], [ 109.108154561000049, -6.8957781299999, 0.0 ], [ 109.108527969000079, -6.895779609999977, 0.0 ], [ 109.108528174000071, -6.895777993999957, 0.0 ], [ 109.10861445200004, -6.895098188999953, 0.0 ], [ 109.10777106900008, -6.894971214999941, 0.0 ], [ 109.107700613000077, -6.894960606999973, 0.0 ], [ 109.107681046000039, -6.895065783999939, 0.0 ], [ 109.107089064000036, -6.894951603999971, 0.0 ], [ 109.10707909000007, -6.895052034999935, 0.0 ], [ 109.106780018000052, -6.895017358999951, 0.0 ], [ 109.106782516000067, -6.894998576999967, 0.0 ], [ 109.106841702000054, -6.894553526999971, 0.0 ], [ 109.106959778000089, -6.893679374999977, 0.0 ], [ 109.107061206000083, -6.893084031999933, 0.0 ], [ 109.107071638000036, -6.893022800999972, 0.0 ], [ 109.10646672200005, -6.89290727599996, 0.0 ], [ 109.106109668000045, -6.892839085999981, 0.0 ], [ 109.10541070000005, -6.892705599999942, 0.0 ], [ 109.104774661000079, -6.892649602999938, 0.0 ], [ 109.104618344000073, -6.89265514799996, 0.0 ], [ 109.104484383000056, -6.892662489999964, 0.0 ], [ 109.103887999000051, -6.89260003499993, 0.0 ], [ 109.102710166000065, -6.892385882999974, 0.0 ], [ 109.102669757000058, -6.891796863999957, 0.0 ], [ 109.102614988000084, -6.891035538999972, 0.0 ], [ 109.102610309000056, -6.890672711999969, 0.0 ], [ 109.102745857000059, -6.890672670999948, 0.0 ], [ 109.10276370400004, -6.890910616999975, 0.0 ], [ 109.102769653000053, -6.891059334999966, 0.0 ], [ 109.103560823000066, -6.891178306999961, 0.0 ], [ 109.104209227000069, -6.891279434999944, 0.0 ], [ 109.104905219000045, -6.891422201999944, 0.0 ], [ 109.105161510000073, -6.891477576999932, 0.0 ], [ 109.105402045000062, -6.890810604999956, 0.0 ], [ 109.105489540000065, -6.890398354999945, 0.0 ], [ 109.10546977100006, -6.890136698999981, 0.0 ], [ 109.105426653000052, -6.889830016999952, 0.0 ], [ 109.105346902000065, -6.889262788999929, 0.0 ], [ 109.105433373000039, -6.888961481999957, 0.0 ], [ 109.10640427900006, -6.889126021999971, 0.0 ], [ 109.106439971000043, -6.888941612999929, 0.0 ], [ 109.106463766000047, -6.888786947999961, 0.0 ], [ 109.107653496000069, -6.888995150999961, 0.0 ], [ 109.107701086000077, -6.888745307999955, 0.0 ], [ 109.109188249000056, -6.88889997299998, 0.0 ], [ 109.109949676000042, -6.888971356999946, 0.0 ], [ 109.110052609000036, -6.888362502999939, 0.0 ], [ 109.110457474000043, -6.888414772999965, 0.0 ], [ 109.111512024000035, -6.888550820999967, 0.0 ], [ 109.111512030000085, -6.888550778999956, 0.0 ], [ 109.11178, -6.886554, 0.0 ], [ 109.111829, -6.886267, 0.0 ], [ 109.111845, -6.886225, 0.0 ], [ 109.111798, -6.886203, 0.0 ], [ 109.111873, -6.886114000999953, 0.0 ], [ 109.111946, -6.885921000999929, 0.0 ], [ 109.112015973000041, -6.885593754999945, 0.0 ], [ 109.112015982000059, -6.885593713999981, 0.0 ], [ 109.112015988000053, -6.885593684999947, 0.0 ], [ 109.11204500100007, -6.885458, 0.0 ], [ 109.112058, -6.884795, 0.0 ], [ 109.111982, -6.884503, 0.0 ], [ 109.11192126900005, -6.884266700999945, 0.0 ], [ 109.111921258000052, -6.884266658999934, 0.0 ], [ 109.110209970000085, -6.884082356999954, 0.0 ], [ 109.110231385000077, -6.883911035999972, 0.0 ], [ 109.110256369000069, -6.883775406999973, 0.0 ], [ 109.110299882000049, -6.883575624999935, 0.0 ], [ 109.11030032900004, -6.88355331899993, 0.0 ], [ 109.110313476000044, -6.88289750499996, 0.0 ], [ 109.110237333000043, -6.882878468999934, 0.0 ], [ 109.109651986000074, -6.882783290999953, 0.0 ], [ 109.109675781000078, -6.882578657999943, 0.0 ], [ 109.108343282000078, -6.882453734999956, 0.0 ], [ 109.10836112800007, -6.88235379799994, 0.0 ], [ 109.108450953000045, -6.88109684799997, 0.0 ], [ 109.109533786000043, -6.88117335499993, 0.0 ], [ 109.109797768000078, -6.881192005999935, 0.0 ], [ 109.109816803000058, -6.880939782999974, 0.0 ], [ 109.109837311000035, -6.880939782999974, 0.0 ], [ 109.109834762000048, -6.88085568799994, 0.0 ], [ 109.111162838000041, -6.880801337999969, 0.0 ], [ 109.111169962000076, -6.880801046999977, 0.0 ], [ 109.111168594000048, -6.880798381999966, 0.0 ], [ 109.111058834000062, -6.880584619999979, 0.0 ], [ 109.111053665000043, -6.880401065999934, 0.0 ], [ 109.111038656000062, -6.880216426999937, 0.0 ], [ 109.111007793000056, -6.879114400999981, 0.0 ], [ 109.111000654000065, -6.878978770999936, 0.0 ], [ 109.111607417000073, -6.878957355999944, 0.0 ], [ 109.111621694000064, -6.878814587999955, 0.0 ], [ 109.112662078000085, -6.878814767999927, 0.0 ], [ 109.112670177000041, -6.878731884999979, 0.0 ], [ 109.112670217000073, -6.878732158999981, 0.0 ], [ 109.11346205500007, -6.878561666999929, 0.0 ], [ 109.113462096000035, -6.878561657999967, 0.0 ], [ 109.113462073000051, -6.878561402999935, 0.0 ], [ 109.113454553000054, -6.878477933999932, 0.0 ], [ 109.113975457000038, -6.878386026999976, 0.0 ], [ 109.114046840000071, -6.87836952899994, 0.0 ], [ 109.115073244000087, -6.878079576999937, 0.0 ], [ 109.114987202000066, -6.877801076999958, 0.0 ], [ 109.114877748000083, -6.87751554099998, 0.0 ], [ 109.114763534000076, -6.877115790999937, 0.0 ], [ 109.114686434000077, -6.876930762999962, 0.0 ], [ 109.114576, -6.876794000999951, 0.0 ], [ 109.114728060000061, -6.876781850999976, 0.0 ], [ 109.114729948000047, -6.876781699999981, 0.0 ], [ 109.114729799000088, -6.876781261999952, 0.0 ], [ 109.114672350000035, -6.876611467999965, 0.0 ], [ 109.115162556000087, -6.876608852999937, 0.0 ], [ 109.115162830000088, -6.876608850999958, 0.0 ], [ 109.115163786000039, -6.876604073999943, 0.0 ], [ 109.115196596000033, -6.876440024999965, 0.0 ], [ 109.115426978000073, -6.876468392999925, 0.0 ], [ 109.115427001000057, -6.876468311999929, 0.0 ], [ 109.115472844000067, -6.876307446999931, 0.0 ], [ 109.115839707000077, -6.876402642999949, 0.0 ], [ 109.115966936000063, -6.876452763999964, 0.0 ], [ 109.115969353000082, -6.876453714999968, 0.0 ], [ 109.115969789000076, -6.876453886999968, 0.0 ], [ 109.116153796000049, -6.87652637399998, 0.0 ], [ 109.116384060000087, -6.876614042999961, 0.0 ], [ 109.116617247000079, -6.876718737999965, 0.0 ], [ 109.116983684000047, -6.876818675999971, 0.0 ], [ 109.117659451000065, -6.877123246999929, 0.0 ], [ 109.117602344000034, -6.87722794299998, 0.0 ], [ 109.118416119000074, -6.877746664999961, 0.0 ], [ 109.11876828000004, -6.87776570099993, 0.0 ], [ 109.11889201200006, -6.877784736999956, 0.0 ], [ 109.119177547000049, -6.877665764999961, 0.0 ], [ 109.119188634000068, -6.877666416999944, 0.0 ], [ 109.119501153000044, -6.877684798999951, 0.0 ], [ 109.119507812000052, -6.877636041999949, 0.0 ], [ 109.119508026000062, -6.877634476999958, 0.0 ], [ 109.119560369000055, -6.877651923999963, 0.0 ], [ 109.119838766000044, -6.877664773999925, 0.0 ], [ 109.120212029000072, -6.877714211999944, 0.0 ], [ 109.120570473000043, -6.87789126399997, 0.0 ], [ 109.120715300000086, -6.878008901999976, 0.0 ], [ 109.120977040000071, -6.878068388999964, 0.0 ], [ 109.120998988000053, -6.877998432999959, 0.0 ], [ 109.121191692000082, -6.878046627999936, 0.0 ], [ 109.121579292000035, -6.87800097, 0.0 ], [ 109.12183275600006, -6.878122351999934, 0.0 ], [ 109.121937358000082, -6.878015389999973, 0.0 ], [ 109.122041538000076, -6.878015799999957, 0.0 ], [ 109.122125992000065, -6.87806493599993, 0.0 ], [ 109.122262069000044, -6.877262233999943, 0.0 ], [ 109.122164403000056, -6.877238979999959, 0.0 ], [ 109.122172662000082, -6.877195259999951, 0.0 ], [ 109.122172677000037, -6.877195185999938, 0.0 ], [ 109.122196514000052, -6.877069014999961, 0.0 ], [ 109.122217334000084, -6.876932196999974, 0.0 ], [ 109.122115258000065, -6.876910793999969, 0.0 ], [ 109.122120361000043, -6.87688309899994, 0.0 ], [ 109.122132053000087, -6.876830346999952, 0.0 ], [ 109.122255525000071, -6.876858754999944, 0.0 ], [ 109.122318362000044, -6.876873212999953, 0.0 ], [ 109.12241958900006, -6.876896503999944, 0.0 ], [ 109.122407691000035, -6.876947067999936, 0.0 ], [ 109.122556408000037, -6.876985733999959, 0.0 ], [ 109.122550459000081, -6.877048194999929, 0.0 ], [ 109.122607884000047, -6.877061866999952, 0.0 ], [ 109.122586750000039, -6.877197663999937, 0.0 ], [ 109.122573541000065, -6.877282542999978, 0.0 ], [ 109.122533460000056, -6.877398272999926, 0.0 ], [ 109.12270754900004, -6.877446376999956, 0.0 ], [ 109.122707545000083, -6.877446402999965, 0.0 ], [ 109.122707225000056, -6.877448391999962, 0.0 ], [ 109.122786103000067, -6.877468085999965, 0.0 ], [ 109.124530193000055, -6.877903536999952, 0.0 ], [ 109.124531455000067, -6.877905702999954, 0.0 ], [ 109.124532643000066, -6.877907741999934, 0.0 ], [ 109.12454155000006, -6.877909945999932, 0.0 ], [ 109.124655388000065, -6.877487379999934, 0.0 ], [ 109.124713556000074, -6.877300738999963, 0.0 ], [ 109.124712159000069, -6.877293054999939, 0.0 ], [ 109.124709820000078, -6.877280191999944, 0.0 ], [ 109.124760382000034, -6.877063065999948, 0.0 ], [ 109.124804998000059, -6.876786453999955, 0.0 ], [ 109.124897215000033, -6.876375225999936, 0.0 ], [ 109.124949955000034, -6.876382074999981, 0.0 ], [ 109.124968817000081, -6.876284106999947, 0.0 ], [ 109.125050148000071, -6.876280059999942, 0.0 ], [ 109.125275547000058, -6.876268842999934, 0.0 ], [ 109.125277358000062, -6.876286259999972, 0.0 ], [ 109.125508514000046, -6.876369151999938, 0.0 ], [ 109.125548722000076, -6.876383570999963, 0.0 ], [ 109.125533515000086, -6.876642360999938, 0.0 ], [ 109.125689528000066, -6.876667792999967, 0.0 ], [ 109.125518421000038, -6.87732488599994, 0.0 ], [ 109.125174491000053, -6.87726680399993, 0.0 ], [ 109.125152722000053, -6.877410543999929, 0.0 ], [ 109.125119195000082, -6.877631928999961, 0.0 ], [ 109.125037902000088, -6.878168696999978, 0.0 ], [ 109.125006064000047, -6.878731562999974, 0.0 ], [ 109.125016217000052, -6.878745526999978, 0.0 ], [ 109.125025465000078, -6.879078168999968, 0.0 ], [ 109.125001853000072, -6.879218138999931, 0.0 ], [ 109.125135520000072, -6.879268630999945, 0.0 ], [ 109.125295904000041, -6.879329214999927, 0.0 ], [ 109.125006014000064, -6.880418437999936, 0.0 ], [ 109.124992504000033, -6.88041468199998, 0.0 ], [ 109.12499112100005, -6.880414296999959, 0.0 ], [ 109.124747289000084, -6.880346505999967, 0.0 ], [ 109.124709374000076, -6.880514786999981, 0.0 ], [ 109.124681701000043, -6.880582434999951, 0.0 ], [ 109.124676243000067, -6.88059577699994, 0.0 ], [ 109.124641308000037, -6.880681176999929, 0.0 ], [ 109.124824604000082, -6.880717905999973, 0.0 ], [ 109.124833370000033, -6.880719663999969, 0.0 ], [ 109.124839843000075, -6.880720959999962, 0.0 ], [ 109.124905263000073, -6.880735237999943, 0.0 ], [ 109.124906228000043, -6.880735448999928, 0.0 ], [ 109.124961159000065, -6.880747437999958, 0.0 ], [ 109.124963940000043, -6.880748044999962, 0.0 ], [ 109.125038363000044, -6.880764288999956, 0.0 ], [ 109.125207973000045, -6.880801394999935, 0.0 ], [ 109.125176233000047, -6.880892482999968, 0.0 ], [ 109.125093698000057, -6.881129732999966, 0.0 ], [ 109.124919344000034, -6.881097345999933, 0.0 ], [ 109.124742697000045, -6.881064530999936, 0.0 ], [ 109.124665297000035, -6.881374811999933, 0.0 ], [ 109.124668669000073, -6.881379871999968, 0.0 ], [ 109.124663959000088, -6.881380176999926, 0.0 ], [ 109.124213309000083, -6.883226367999953, 0.0 ], [ 109.124668291000035, -6.883248142999946, 0.0 ], [ 109.124656642000048, -6.883448332999933, 0.0 ], [ 109.124652203000039, -6.883524617999967, 0.0 ], [ 109.124702168000056, -6.88353564199997, 0.0 ], [ 109.124716489000036, -6.883708951999949, 0.0 ], [ 109.124864731000059, -6.883737852999957, 0.0 ], [ 109.124856526000087, -6.883779179999976, 0.0 ], [ 109.124937173000035, -6.88379322399993, 0.0 ], [ 109.125003366000044, -6.883804750999957, 0.0 ], [ 109.124997996000047, -6.883871112999941, 0.0 ], [ 109.125027873000079, -6.883880464999947, 0.0 ], [ 109.125214135000078, -6.883938766999961, 0.0 ], [ 109.125223682000069, -6.883860325999933, 0.0 ], [ 109.125642465000055, -6.883911036999962, 0.0 ], [ 109.125766928000075, -6.883926107999969, 0.0 ], [ 109.125769790000049, -6.883995883999944, 0.0 ], [ 109.126169540000035, -6.884031575999927, 0.0 ], [ 109.126317416000063, -6.884060903999966, 0.0 ], [ 109.12674690700004, -6.884104527999966, 0.0 ], [ 109.12676553700004, -6.884106420999956, 0.0 ], [ 109.126855094000064, -6.883649748999972, 0.0 ], [ 109.126871737000045, -6.883600494999939, 0.0 ], [ 109.126930204000075, -6.883427464999954, 0.0 ], [ 109.126952268000082, -6.883362168999952, 0.0 ], [ 109.126993792000064, -6.883239280999931, 0.0 ], [ 109.126305895000087, -6.882992798999965, 0.0 ], [ 109.126326814000038, -6.882614000999979, 0.0 ], [ 109.126342001000069, -6.882339, 0.0 ], [ 109.126428, -6.881837, 0.0 ], [ 109.126434, -6.881799, 0.0 ], [ 109.126512001000037, -6.881400000999975, 0.0 ], [ 109.126527, -6.881308, 0.0 ], [ 109.126705, -6.880128000999946, 0.0 ], [ 109.126783, -6.879461, 0.0 ], [ 109.126823, -6.879174998999929, 0.0 ], [ 109.126894818000039, -6.878662571999939, 0.0 ], [ 109.126897, -6.878647000999933, 0.0 ], [ 109.126952, -6.878291, 0.0 ], [ 109.12697, -6.878175, 0.0 ], [ 109.127036, -6.877750000999981, 0.0 ], [ 109.127233, -6.876629, 0.0 ], [ 109.127233021000052, -6.876628871999969, 0.0 ], [ 109.127242999000089, -6.876568, 0.0 ], [ 109.127304999000046, -6.876264000999981, 0.0 ], [ 109.127307, -6.876251000999957, 0.0 ], [ 109.127331, -6.876043, 0.0 ], [ 109.127445, -6.875263, 0.0 ], [ 109.127459, -6.875181, 0.0 ], [ 109.127491, -6.875000000999933, 0.0 ], [ 109.127586439000083, -6.874449522999953, 0.0 ], [ 109.127603, -6.874354000999972, 0.0 ], [ 109.127605, -6.874345, 0.0 ], [ 109.127607001000058, -6.874328, 0.0 ], [ 109.127643153000065, -6.874039215999971, 0.0 ], [ 109.12729973900008, -6.873997667999959, 0.0 ], [ 109.127303095000059, -6.873978927999929, 0.0 ], [ 109.127363105000086, -6.873601488999952, 0.0 ], [ 109.127394465000066, -6.873607577999962, 0.0 ], [ 109.127689811000039, -6.873665111999969, 0.0 ], [ 109.127689830000065, -6.87366497599993, 0.0 ], [ 109.127761142000054, -6.873159203999933, 0.0 ], [ 109.127903909000054, -6.872445365999965, 0.0 ], [ 109.128502069000035, -6.872516574999963, 0.0 ], [ 109.128502310000044, -6.87251660499993, 0.0 ], [ 109.128703408000035, -6.872540544999936, 0.0 ], [ 109.129869646000088, -6.872669105999933, 0.0 ], [ 109.129912174000083, -6.872673793999979, 0.0 ], [ 109.12996452200008, -6.872726141999976, 0.0 ], [ 109.129978798000081, -6.872859391999953, 0.0 ], [ 109.129959763000045, -6.873006918999977, 0.0 ], [ 109.129959763000045, -6.873111614999971, 0.0 ], [ 109.130226263000054, -6.873187756999926, 0.0 ], [ 109.130401056000039, -6.873210963999952, 0.0 ], [ 109.130401913000071, -6.873198579999951, 0.0 ], [ 109.130803229000037, -6.873294594999948, 0.0 ], [ 109.130805045000045, -6.873273135999966, 0.0 ], [ 109.131268467000041, -6.873354319999976, 0.0 ], [ 109.13129702100008, -6.874063398999965, 0.0 ], [ 109.131853815000056, -6.874106228999949, 0.0 ], [ 109.132011858000055, -6.874114066999937, 0.0 ], [ 109.132016633000035, -6.874114302999942, 0.0 ], [ 109.132429644000069, -6.874134782999931, 0.0 ], [ 109.133034027000065, -6.874168094999959, 0.0 ], [ 109.133835, -6.874238000999981, 0.0 ], [ 109.133876999000051, -6.873459000999958, 0.0 ], [ 109.133894999000063, -6.873063, 0.0 ], [ 109.133510114000046, -6.872093570999937, 0.0 ], [ 109.133415, -6.871854, 0.0 ], [ 109.133252, -6.871443, 0.0 ], [ 109.133248605000063, -6.871429984999963, 0.0 ], [ 109.133246014000065, -6.871419647999971, 0.0 ], [ 109.133117308000067, -6.871099779999952, 0.0 ], [ 109.13302212900004, -6.87077855299998, 0.0 ], [ 109.133019216000037, -6.870653278999953, 0.0 ], [ 109.132804707000048, -6.870627456999955, 0.0 ], [ 109.132809466000083, -6.870575108999958, 0.0 ], [ 109.132657180000081, -6.870560831999967, 0.0 ], [ 109.132775063000054, -6.869797166999945, 0.0 ], [ 109.132885290000047, -6.869813670999974, 0.0 ], [ 109.133663562000038, -6.869930188999945, 0.0 ], [ 109.134538836000047, -6.870024119999925, 0.0 ], [ 109.134792651000055, -6.870048886999939, 0.0 ], [ 109.136379996000073, -6.870308139999963, 0.0 ], [ 109.13636, -6.871091, 0.0 ], [ 109.136354, -6.871463000999938, 0.0 ], [ 109.136342, -6.872342, 0.0 ], [ 109.136328, -6.873299000999964, 0.0 ] ] ] } },
{ "type": "Feature", "properties": { "OBJECTID": 3362.0, "NAMOBJ": "Margadana", "METADATA": "TASWIL1000020260612KECAMATAN_AR", "KDBBPS": null, "KDCPUM": "33.76.04", "KDPKAB": "33.76", "KDPPUM": "33", "LUASWH": 12.255823343832743, "TIPADM": 3.0, "WADMKC": "Margadana", "WADMKK": "Kota Tegal", "WADMPR": "Jawa Tengah" }, "geometry": { "type": "Polygon", "coordinates": [ [ [ 109.106987, -6.85808, 0.0 ], [ 109.107266, -6.858089000999939, 0.0 ], [ 109.107403, -6.858038, 0.0 ], [ 109.107614, -6.858158, 0.0 ], [ 109.107928, -6.858206, 0.0 ], [ 109.108257, -6.858255, 0.0 ], [ 109.108632, -6.858323, 0.0 ], [ 109.108649, -6.858547, 0.0 ], [ 109.108650019000038, -6.858546941999975, 0.0 ], [ 109.108702, -6.858544000999927, 0.0 ], [ 109.109211, -6.858545, 0.0 ], [ 109.11052999900005, -6.858728, 0.0 ], [ 109.111915999000075, -6.858897, 0.0 ], [ 109.113075, -6.858974, 0.0 ], [ 109.115305, -6.859349, 0.0 ], [ 109.115879, -6.859419, 0.0 ], [ 109.11718, -6.859541, 0.0 ], [ 109.117697, -6.859579, 0.0 ], [ 109.118091999000058, -6.859575000999939, 0.0 ], [ 109.118162, -6.859587000999966, 0.0 ], [ 109.118251, -6.859603, 0.0 ], [ 109.118123, -6.860047, 0.0 ], [ 109.118048, -6.860433, 0.0 ], [ 109.118005, -6.860804000999963, 0.0 ], [ 109.11773, -6.862576, 0.0 ], [ 109.117276999000069, -6.864771, 0.0 ], [ 109.117239, -6.865014000999963, 0.0 ], [ 109.117029, -6.86504, 0.0 ], [ 109.116715, -6.864991000999964, 0.0 ], [ 109.116713179000044, -6.864990014999933, 0.0 ], [ 109.11670511300008, -6.864985642999955, 0.0 ], [ 109.116511999000068, -6.864881000999958, 0.0 ], [ 109.116168, -6.864676000999964, 0.0 ], [ 109.115839, -6.864424000999975, 0.0 ], [ 109.115527, -6.864188, 0.0 ], [ 109.115213, -6.864077000999941, 0.0 ], [ 109.114931, -6.863998, 0.0 ], [ 109.114928016000079, -6.86399826, 0.0 ], [ 109.114414, -6.86404300099997, 0.0 ], [ 109.1141, -6.864120000999947, 0.0 ], [ 109.113832, -6.864338, 0.0 ], [ 109.113596, -6.86465, 0.0 ], [ 109.113469001000055, -6.86501, 0.0 ], [ 109.113372999000035, -6.865354, 0.0 ], [ 109.11334, -6.865760998999974, 0.0 ], [ 109.113307, -6.866247000999977, 0.0 ], [ 109.11329, -6.866576000999942, 0.0 ], [ 109.113242, -6.866810000999976, 0.0 ], [ 109.113225, -6.867044998999972, 0.0 ], [ 109.113255999000046, -6.867249, 0.0 ], [ 109.113395999000033, -6.8675, 0.0 ], [ 109.11363, -6.867767000999947, 0.0 ], [ 109.114020999000047, -6.868175998999959, 0.0 ], [ 109.114458, -6.86871, 0.0 ], [ 109.114723, -6.869009, 0.0 ], [ 109.114989, -6.869323000999941, 0.0 ], [ 109.115223, -6.869653, 0.0 ], [ 109.115441, -6.869998, 0.0 ], [ 109.115628, -6.870391, 0.0 ], [ 109.115629460000036, -6.870393625999952, 0.0 ], [ 109.115632833000063, -6.870568206999963, 0.0 ], [ 109.115639550000083, -6.871109212999954, 0.0 ], [ 109.114456, -6.87173, 0.0 ], [ 109.113811, -6.872087, 0.0 ], [ 109.113474, -6.8723, 0.0 ], [ 109.113413999000045, -6.872339, 0.0 ], [ 109.112905001000058, -6.872619, 0.0 ], [ 109.112499, -6.872833000999947, 0.0 ], [ 109.111868274000074, -6.87319380699995, 0.0 ], [ 109.111992999000051, -6.873498000999973, 0.0 ], [ 109.112010301000055, -6.873569801999963, 0.0 ], [ 109.112081300000057, -6.874700161999954, 0.0 ], [ 109.112670177000041, -6.878731884999979, 0.0 ], [ 109.112662078000085, -6.878814767999927, 0.0 ], [ 109.111621694000064, -6.878814587999955, 0.0 ], [ 109.111607417000073, -6.878957355999944, 0.0 ], [ 109.111000654000065, -6.878978770999936, 0.0 ], [ 109.111007793000056, -6.879114400999981, 0.0 ], [ 109.111038656000062, -6.880216426999937, 0.0 ], [ 109.111053665000043, -6.880401065999934, 0.0 ], [ 109.111058834000062, -6.880584619999979, 0.0 ], [ 109.111168594000048, -6.880798381999966, 0.0 ], [ 109.111169962000076, -6.880801046999977, 0.0 ], [ 109.111162838000041, -6.880801337999969, 0.0 ], [ 109.109834762000048, -6.88085568799994, 0.0 ], [ 109.109837311000035, -6.880939782999974, 0.0 ], [ 109.109816803000058, -6.880939782999974, 0.0 ], [ 109.109797768000078, -6.881192005999935, 0.0 ], [ 109.109533786000043, -6.88117335499993, 0.0 ], [ 109.108450953000045, -6.88109684799997, 0.0 ], [ 109.10836112800007, -6.88235379799994, 0.0 ], [ 109.108343282000078, -6.882453734999956, 0.0 ], [ 109.109675781000078, -6.882578657999943, 0.0 ], [ 109.109651986000074, -6.882783290999953, 0.0 ], [ 109.110237333000043, -6.882878468999934, 0.0 ], [ 109.110313476000044, -6.88289750499996, 0.0 ], [ 109.11030032900004, -6.88355331899993, 0.0 ], [ 109.110299882000049, -6.883575624999935, 0.0 ], [ 109.110256369000069, -6.883775406999973, 0.0 ], [ 109.110231385000077, -6.883911035999972, 0.0 ], [ 109.110209970000085, -6.884082356999954, 0.0 ], [ 109.111921258000052, -6.884266658999934, 0.0 ], [ 109.11192126900005, -6.884266700999945, 0.0 ], [ 109.111982, -6.884503, 0.0 ], [ 109.112058, -6.884795, 0.0 ], [ 109.11204500100007, -6.885458, 0.0 ], [ 109.112015988000053, -6.885593684999947, 0.0 ], [ 109.112015982000059, -6.885593713999981, 0.0 ], [ 109.112015973000041, -6.885593754999945, 0.0 ], [ 109.111946, -6.885921000999929, 0.0 ], [ 109.111873, -6.886114000999953, 0.0 ], [ 109.111798, -6.886203, 0.0 ], [ 109.111845, -6.886225, 0.0 ], [ 109.111829, -6.886267, 0.0 ], [ 109.11178, -6.886554, 0.0 ], [ 109.111512030000085, -6.888550778999956, 0.0 ], [ 109.111512024000035, -6.888550820999967, 0.0 ], [ 109.110457474000043, -6.888414772999965, 0.0 ], [ 109.110052609000036, -6.888362502999939, 0.0 ], [ 109.109949676000042, -6.888971356999946, 0.0 ], [ 109.109188249000056, -6.88889997299998, 0.0 ], [ 109.107701086000077, -6.888745307999955, 0.0 ], [ 109.107653496000069, -6.888995150999961, 0.0 ], [ 109.106463766000047, -6.888786947999961, 0.0 ], [ 109.106439971000043, -6.888941612999929, 0.0 ], [ 109.10640427900006, -6.889126021999971, 0.0 ], [ 109.105433373000039, -6.888961481999957, 0.0 ], [ 109.105346902000065, -6.889262788999929, 0.0 ], [ 109.105426653000052, -6.889830016999952, 0.0 ], [ 109.10546977100006, -6.890136698999981, 0.0 ], [ 109.105489540000065, -6.890398354999945, 0.0 ], [ 109.105402045000062, -6.890810604999956, 0.0 ], [ 109.105161510000073, -6.891477576999932, 0.0 ], [ 109.104905219000045, -6.891422201999944, 0.0 ], [ 109.104209227000069, -6.891279434999944, 0.0 ], [ 109.103560823000066, -6.891178306999961, 0.0 ], [ 109.102769653000053, -6.891059334999966, 0.0 ], [ 109.10276370400004, -6.890910616999975, 0.0 ], [ 109.102745857000059, -6.890672670999948, 0.0 ], [ 109.102610309000056, -6.890672711999969, 0.0 ], [ 109.102614988000084, -6.891035538999972, 0.0 ], [ 109.102669757000058, -6.891796863999957, 0.0 ], [ 109.102710166000065, -6.892385882999974, 0.0 ], [ 109.103887999000051, -6.89260003499993, 0.0 ], [ 109.104484383000056, -6.892662489999964, 0.0 ], [ 109.10445554000006, -6.892664070999956, 0.0 ], [ 109.104218457000059, -6.892691834999937, 0.0 ], [ 109.103876283000034, -6.89266177099995, 0.0 ], [ 109.103223519000039, -6.892484551999928, 0.0 ], [ 109.102627936000033, -6.892374539999935, 0.0 ], [ 109.102633579000042, -6.892159268999933, 0.0 ], [ 109.102614168000059, -6.891623351999954, 0.0 ], [ 109.102545195000062, -6.890910218999977, 0.0 ], [ 109.102533281000035, -6.890723351999952, 0.0 ], [ 109.102515905000075, -6.890450810999937, 0.0 ], [ 109.102562800000044, -6.890131811999936, 0.0 ], [ 109.102570029000049, -6.890082635999931, 0.0 ], [ 109.101821363000056, -6.889945701999977, 0.0 ], [ 109.100591002000044, -6.889952771999958, 0.0 ], [ 109.099264176000077, -6.889947494999944, 0.0 ], [ 109.099256976000049, -6.889947465999967, 0.0 ], [ 109.099255408000033, -6.889920871999948, 0.0 ], [ 109.099218860000065, -6.889300675999948, 0.0 ], [ 109.099199721000048, -6.889298207999957, 0.0 ], [ 109.098898539000061, -6.889290344999949, 0.0 ], [ 109.097902505000036, -6.889264339999954, 0.0 ], [ 109.096790212000087, -6.889218652999944, 0.0 ], [ 109.096677165000074, -6.889214008999943, 0.0 ], [ 109.096658944000069, -6.889009129999977, 0.0 ], [ 109.096638220000045, -6.888776092999933, 0.0 ], [ 109.096159578000083, -6.88875504899994, 0.0 ], [ 109.095053977000077, -6.888690839999981, 0.0 ], [ 109.094484360000081, -6.88867421599997, 0.0 ], [ 109.094158673000038, -6.888657529999932, 0.0 ], [ 109.093942040000059, -6.888646431999973, 0.0 ], [ 109.09394529900004, -6.888610957999958, 0.0 ], [ 109.094009466000045, -6.887912383999947, 0.0 ], [ 109.093627488000038, -6.887899716999925, 0.0 ], [ 109.092451425000036, -6.887860716999967, 0.0 ], [ 109.092436212000052, -6.888073554999949, 0.0 ], [ 109.091784019000045, -6.8880563, 0.0 ], [ 109.091790202000084, -6.888567786999943, 0.0 ], [ 109.091793013000085, -6.88880028799997, 0.0 ], [ 109.09133810700007, -6.888829568999938, 0.0 ], [ 109.091348714000048, -6.888571260999981, 0.0 ], [ 109.091176472000086, -6.888546651999945, 0.0 ], [ 109.090824807000047, -6.888497403999963, 0.0 ], [ 109.090513823000038, -6.888450710999962, 0.0 ], [ 109.090190101000076, -6.888411362999932, 0.0 ], [ 109.090014756000073, -6.888390049999941, 0.0 ], [ 109.089476286000036, -6.888366367999936, 0.0 ], [ 109.088705745000084, -6.888315443999943, 0.0 ], [ 109.088145772000075, -6.888282105999963, 0.0 ], [ 109.087588289000053, -6.888224856999955, 0.0 ], [ 109.086747823000053, -6.888152179999963, 0.0 ], [ 109.086549223000077, -6.888134639999976, 0.0 ], [ 109.086132866000071, -6.888101874999961, 0.0 ], [ 109.085859072000062, -6.888092693999965, 0.0 ], [ 109.085706506000065, -6.888087577999954, 0.0 ], [ 109.085148726000057, -6.888068872999952, 0.0 ], [ 109.084948276000034, -6.888065078999944, 0.0 ], [ 109.083782, -6.888139, 0.0 ], [ 109.083760557000062, -6.888139371999955, 0.0 ], [ 109.083758200000034, -6.888318699999957, 0.0 ], [ 109.083483715000057, -6.888319802999945, 0.0 ], [ 109.082907050000074, -6.888322120999931, 0.0 ], [ 109.082905223000068, -6.88818097799998, 0.0 ], [ 109.082565336000073, -6.888179614999956, 0.0 ], [ 109.082146461000036, -6.888177933999941, 0.0 ], [ 109.081935875000056, -6.888165127999969, 0.0 ], [ 109.08168812200006, -6.888146780999932, 0.0 ], [ 109.081560191000051, -6.888137306999965, 0.0 ], [ 109.081524469000044, -6.888687349999941, 0.0 ], [ 109.081397658000071, -6.8886748799999, 0.0 ], [ 109.080852010000058, -6.888651159999938, 0.0 ], [ 109.080851154000072, -6.888864053999953, 0.0 ], [ 109.080672, -6.888862599999925, 0.0 ], [ 109.080485, -6.8888483, 0.0 ], [ 109.080446319000089, -6.889390547999938, 0.0 ], [ 109.080445442000041, -6.889402837999967, 0.0 ], [ 109.080083096000067, -6.889359669999976, 0.0 ], [ 109.08002695600004, -6.88935434299998, 0.0 ], [ 109.079577363000055, -6.889311683999949, 0.0 ], [ 109.079510331000051, -6.889261139999974, 0.0 ], [ 109.079421654000043, -6.889289488999964, 0.0 ], [ 109.079107576000069, -6.889417399999957, 0.0 ], [ 109.079014034000068, -6.889464866999958, 0.0 ], [ 109.078958876000058, -6.889490957999953, 0.0 ], [ 109.078915695000035, -6.889514704999954, 0.0 ], [ 109.078902629000083, -6.889548199999979, 0.0 ], [ 109.078902612000036, -6.889548242999979, 0.0 ], [ 109.078902595000045, -6.889548286999968, 0.0 ], [ 109.07885557700007, -6.889583834999939, 0.0 ], [ 109.078829170000063, -6.889602865999962, 0.0 ], [ 109.078797987000087, -6.889619484999969, 0.0 ], [ 109.078747673000066, -6.88963124299994, 0.0 ], [ 109.078654343000039, -6.889626083999929, 0.0 ], [ 109.078573825000035, -6.889592960999948, 0.0 ], [ 109.078286090000063, -6.889536093999936, 0.0 ], [ 109.078003841000054, -6.889487116999931, 0.0 ], [ 109.077485487000047, -6.889417439999932, 0.0 ], [ 109.077372418000039, -6.889392062999946, 0.0 ], [ 109.07723919600005, -6.889362010999946, 0.0 ], [ 109.077173222000056, -6.889347676999932, 0.0 ], [ 109.076890474000038, -6.889284457999963, 0.0 ], [ 109.076766974000066, -6.889256844999977, 0.0 ], [ 109.076720843000032, -6.88924653, 0.0 ], [ 109.076566032000073, -6.889211916999955, 0.0 ], [ 109.076503615000036, -6.889197960999979, 0.0 ], [ 109.07648658800008, -6.889194153999938, 0.0 ], [ 109.076432607000072, -6.88918208399997, 0.0 ], [ 109.076458439000078, -6.889127330999941, 0.0 ], [ 109.076514145000033, -6.889009259999966, 0.0 ], [ 109.076753493000069, -6.888671920999968, 0.0 ], [ 109.077089815000079, -6.888332817999981, 0.0 ], [ 109.077202814000088, -6.888218884999958, 0.0 ], [ 109.077277366000033, -6.888143716999934, 0.0 ], [ 109.077456368000071, -6.887873412999966, 0.0 ], [ 109.077506744000061, -6.887797341999942, 0.0 ], [ 109.077628684000047, -6.88738197899994, 0.0 ], [ 109.077629838000064, -6.88709550699997, 0.0 ], [ 109.077529591000086, -6.886816746999955, 0.0 ], [ 109.077517554000053, -6.88678327599996, 0.0 ], [ 109.07743799800005, -6.886562053999967, 0.0 ], [ 109.077334418000078, -6.886350958999969, 0.0 ], [ 109.077300070000035, -6.88628095699994, 0.0 ], [ 109.077107172000069, -6.885938256999964, 0.0 ], [ 109.077051658000073, -6.885744340999963, 0.0 ], [ 109.077025065000043, -6.885651449999955, 0.0 ], [ 109.076962466000055, -6.88511521099997, 0.0 ], [ 109.07695966600005, -6.88510413299997, 0.0 ], [ 109.076824197000064, -6.884568155999943, 0.0 ], [ 109.076789447000067, -6.884430666999947, 0.0 ], [ 109.076743270000065, -6.88430884, 0.0 ], [ 109.076668191000067, -6.884110763999956, 0.0 ], [ 109.076558834000082, -6.883822255999974, 0.0 ], [ 109.076047970000047, -6.883091241999978, 0.0 ], [ 109.07599889100004, -6.883021012999961, 0.0 ], [ 109.075754023000059, -6.882600964999938, 0.0 ], [ 109.075485403000073, -6.882140173999971, 0.0 ], [ 109.075455798000064, -6.88208938899993, 0.0 ], [ 109.075091116000067, -6.881443836999949, 0.0 ], [ 109.075020678000044, -6.88128379099993, 0.0 ], [ 109.074961711000071, -6.881149809999954, 0.0 ], [ 109.074938963000079, -6.880949726999972, 0.0 ], [ 109.07493018100007, -6.880872481999972, 0.0 ], [ 109.074963237000077, -6.88033698199996, 0.0 ], [ 109.07500476000007, -6.880065229999957, 0.0 ], [ 109.075087647000089, -6.879522762999954, 0.0 ], [ 109.075182281000082, -6.878996778999976, 0.0 ], [ 109.075258261000045, -6.878574470999979, 0.0 ], [ 109.075277631000063, -6.878466811999942, 0.0 ], [ 109.075304239000047, -6.878225244999953, 0.0 ], [ 109.07531308700004, -6.878144916999929, 0.0 ], [ 109.075325913000086, -6.878028473999962, 0.0 ], [ 109.075411738000071, -6.877249303999974, 0.0 ], [ 109.075566513000069, -6.876396974999977, 0.0 ], [ 109.075637097000083, -6.875941900999976, 0.0 ], [ 109.075658129000033, -6.87580630399998, 0.0 ], [ 109.075680771000066, -6.875660323999966, 0.0 ], [ 109.07569260300005, -6.875584042999947, 0.0 ], [ 109.07573889300005, -6.875285601999963, 0.0 ], [ 109.075929185000064, -6.87486701499995, 0.0 ], [ 109.076112699000078, -6.874463336999952, 0.0 ], [ 109.076532715000042, -6.873953454999935, 0.0 ], [ 109.076978077000035, -6.873625282999967, 0.0 ], [ 109.077541522000047, -6.873396861999936, 0.0 ], [ 109.077655991000086, -6.873350454999979, 0.0 ], [ 109.078549421000048, -6.87310000399998, 0.0 ], [ 109.079005280000047, -6.872942904999945, 0.0 ], [ 109.079130143000043, -6.872899873999927, 0.0 ], [ 109.079427615000043, -6.872797358999946, 0.0 ], [ 109.079825026000037, -6.872598740999933, 0.0 ], [ 109.080221042000062, -6.872400820999928, 0.0 ], [ 109.080433005000089, -6.87228848899997, 0.0 ], [ 109.080698861000087, -6.87214759699998, 0.0 ], [ 109.081064728000058, -6.871728721999943, 0.0 ], [ 109.081199584000046, -6.871496901999933, 0.0 ], [ 109.081264830000066, -6.87104652499994, 0.0 ], [ 109.081266299000049, -6.8706847, 0.0 ], [ 109.08118846900004, -6.869832248999955, 0.0 ], [ 109.081090955000036, -6.869445032999977, 0.0 ], [ 109.081070779000072, -6.869364918999963, 0.0 ], [ 109.081041849000087, -6.869250041999976, 0.0 ], [ 109.080978539000057, -6.86901208699993, 0.0 ], [ 109.080889042000081, -6.868675709999934, 0.0 ], [ 109.080789512000081, -6.868107522999935, 0.0 ], [ 109.080757445000074, -6.867641298999956, 0.0 ], [ 109.080758940000067, -6.867268428999978, 0.0 ], [ 109.080747666000036, -6.866608777999943, 0.0 ], [ 109.080747006000081, -6.866570144999969, 0.0 ], [ 109.080769099000065, -6.866162325999937, 0.0 ], [ 109.080769876000033, -6.866147977999958, 0.0 ], [ 109.080770388000076, -6.866138520999925, 0.0 ], [ 109.080794483000034, -6.865693766999925, 0.0 ], [ 109.080831007000086, -6.865502498999945, 0.0 ], [ 109.080916470000034, -6.865054948999955, 0.0 ], [ 109.081070926000052, -6.86451620899993, 0.0 ], [ 109.081311128000038, -6.863907739999945, 0.0 ], [ 109.081455993000077, -6.863473916999965, 0.0 ], [ 109.081439829000033, -6.86305796299996, 0.0 ], [ 109.081403112000089, -6.862582084999929, 0.0 ], [ 109.08138415600007, -6.862336409999955, 0.0 ], [ 109.081365536000078, -6.862197197999933, 0.0 ], [ 109.081281470000079, -6.861568696999939, 0.0 ], [ 109.081266060000075, -6.861223053999936, 0.0 ], [ 109.081255932000033, -6.860995898999931, 0.0 ], [ 109.081249761000038, -6.860484919999976, 0.0 ], [ 109.08131319000006, -6.860177970999928, 0.0 ], [ 109.081365617000074, -6.859924260999946, 0.0 ], [ 109.081512451000037, -6.859508734999963, 0.0 ], [ 109.081583184000067, -6.859376558999941, 0.0 ], [ 109.081584856000063, -6.859375327999942, 0.0 ], [ 109.081606837000038, -6.859359147999953, 0.0 ], [ 109.081641, -6.859334, 0.0 ], [ 109.081716, -6.859355, 0.0 ], [ 109.081735, -6.859427, 0.0 ], [ 109.081881999000075, -6.859536000999981, 0.0 ], [ 109.082074999000042, -6.859596000999943, 0.0 ], [ 109.082273, -6.859594000999948, 0.0 ], [ 109.082481999000038, -6.859516000999974, 0.0 ], [ 109.08296, -6.859334, 0.0 ], [ 109.083062001000087, -6.859354, 0.0 ], [ 109.083359001000076, -6.859514, 0.0 ], [ 109.083807182000044, -6.859593365999956, 0.0 ], [ 109.083935, -6.859615998999971, 0.0 ], [ 109.084148, -6.859661, 0.0 ], [ 109.084236, -6.859731000999943, 0.0 ], [ 109.084278, -6.859853, 0.0 ], [ 109.084199999000077, -6.86005800099997, 0.0 ], [ 109.084041999000078, -6.860348, 0.0 ], [ 109.083979, -6.860578, 0.0 ], [ 109.084008, -6.860699, 0.0 ], [ 109.084119999000052, -6.860788, 0.0 ], [ 109.084307, -6.860827, 0.0 ], [ 109.08457, -6.86078, 0.0 ], [ 109.084763345000056, -6.860725683999931, 0.0 ], [ 109.084958001000075, -6.860671, 0.0 ], [ 109.085086, -6.860655, 0.0 ], [ 109.085375, -6.861115000999973, 0.0 ], [ 109.085402539000086, -6.861161078999942, 0.0 ], [ 109.085527999000078, -6.861371000999952, 0.0 ], [ 109.085584918000052, -6.861428476999947, 0.0 ], [ 109.08563, -6.861474, 0.0 ], [ 109.086052, -6.861531, 0.0 ], [ 109.086374856000077, -6.861553099999981, 0.0 ], [ 109.086388, -6.861554, 0.0 ], [ 109.086596999000051, -6.861611, 0.0 ], [ 109.087009539000064, -6.861830384999962, 0.0 ], [ 109.087092731000041, -6.861874625999974, 0.0 ], [ 109.087116, -6.861887, 0.0 ], [ 109.08737700100005, -6.861985, 0.0 ], [ 109.087405, -6.861991, 0.0 ], [ 109.08806839600004, -6.862497437999934, 0.0 ], [ 109.088487001000033, -6.862817, 0.0 ], [ 109.088747, -6.862996, 0.0 ], [ 109.088998999000069, -6.863085000999945, 0.0 ], [ 109.089157, -6.86312400099996, 0.0 ], [ 109.089334759000053, -6.863282261999927, 0.0 ], [ 109.08938022500007, -6.863322742999969, 0.0 ], [ 109.089622, -6.863538, 0.0 ], [ 109.089773, -6.863672000999941, 0.0 ], [ 109.089983, -6.863749000999974, 0.0 ], [ 109.090562823000084, -6.86376889099995, 0.0 ], [ 109.090566, -6.86376900099998, 0.0 ], [ 109.091155, -6.863817, 0.0 ], [ 109.091835, -6.863922000999935, 0.0 ], [ 109.09189, -6.86393, 0.0 ], [ 109.091936001000079, -6.863958, 0.0 ], [ 109.091974, -6.863981000999956, 0.0 ], [ 109.092297, -6.864028, 0.0 ], [ 109.092720001000089, -6.863995, 0.0 ], [ 109.093314, -6.863852, 0.0 ], [ 109.093725, -6.863798, 0.0 ], [ 109.09403, -6.86382, 0.0 ], [ 109.094479999000043, -6.863881000999982, 0.0 ], [ 109.094924264000042, -6.863807349999945, 0.0 ], [ 109.094924305000063, -6.863807342999962, 0.0 ], [ 109.094924338000055, -6.863807336999969, 0.0 ], [ 109.095047, -6.863787000999935, 0.0 ], [ 109.095088, -6.863776, 0.0 ], [ 109.095300393000059, -6.863753601999974, 0.0 ], [ 109.095551211000043, -6.863727150999978, 0.0 ], [ 109.095767346000059, -6.863704355999971, 0.0 ], [ 109.095894, -6.863690998999971, 0.0 ], [ 109.096242, -6.863615, 0.0 ], [ 109.096534, -6.863453000999925, 0.0 ], [ 109.096571999000048, -6.863418000999957, 0.0 ], [ 109.096692, -6.863265, 0.0 ], [ 109.096785666000073, -6.863152009999965, 0.0 ], [ 109.09701294000007, -6.862877848999972, 0.0 ], [ 109.097041, -6.862844, 0.0 ], [ 109.097199, -6.862581746999979, 0.0 ], [ 109.097313721000035, -6.862391328999934, 0.0 ], [ 109.097529, -6.862034000999927, 0.0 ], [ 109.097687, -6.861556, 0.0 ], [ 109.097698067000067, -6.861508091999951, 0.0 ], [ 109.097767140000087, -6.861209064999969, 0.0 ], [ 109.097797380000088, -6.861078150999958, 0.0 ], [ 109.097816277000049, -6.860996346999968, 0.0 ], [ 109.097861421000061, -6.860800912999935, 0.0 ], [ 109.097877898000036, -6.860729583999955, 0.0 ], [ 109.097922450000056, -6.860536709999963, 0.0 ], [ 109.097924, -6.860530000999972, 0.0 ], [ 109.097930557000041, -6.86050258399996, 0.0 ], [ 109.097980332000077, -6.86029444899998, 0.0 ], [ 109.097995769000079, -6.860229898999933, 0.0 ], [ 109.098041390000049, -6.860039133999976, 0.0 ], [ 109.098052808000034, -6.859991390999937, 0.0 ], [ 109.098135966000086, -6.859643665999954, 0.0 ], [ 109.098205, -6.859355, 0.0 ], [ 109.098272746000077, -6.859243733999961, 0.0 ], [ 109.09835600100007, -6.859107000999927, 0.0 ], [ 109.098864001000038, -6.859283000999937, 0.0 ], [ 109.09968199900004, -6.859382000999972, 0.0 ], [ 109.100037999000051, -6.859379000999979, 0.0 ], [ 109.100203, -6.859337, 0.0 ], [ 109.100207, -6.858013000999961, 0.0 ], [ 109.100263, -6.856609000999981, 0.0 ], [ 109.100504, -6.856652000999929, 0.0 ], [ 109.100627, -6.856724000999975, 0.0 ], [ 109.102278, -6.856767, 0.0 ], [ 109.102506, -6.857026, 0.0 ], [ 109.102709, -6.857168, 0.0 ], [ 109.103054, -6.857295000999954, 0.0 ], [ 109.103289001000064, -6.857311000999971, 0.0 ], [ 109.103425, -6.857317, 0.0 ], [ 109.103649999000083, -6.857328, 0.0 ], [ 109.10412, -6.857408, 0.0 ], [ 109.104621, -6.857536, 0.0 ], [ 109.105200999000033, -6.857648, 0.0 ], [ 109.105635, -6.857748, 0.0 ], [ 109.106058001000065, -6.857855, 0.0 ], [ 109.106987, -6.85808, 0.0 ] ] ] } }
]
}
